task,layer,param,fold,r2,n_train_eps,n_test_eps
strike,0,object_0_mass,0,-6.26977014541626,160,40
strike,0,object_0_mass,1,-3.6395301818847656,160,40
strike,0,object_0_mass,2,-2.3856704235076904,160,40
strike,0,object_0_mass,3,-2.7210235595703125,160,40
strike,0,object_0_mass,4,-10.490520477294922,160,40
strike,0,object_0_static_friction,0,-10.884960174560547,160,40
strike,0,object_0_static_friction,1,-3.995969295501709,160,40
strike,0,object_0_static_friction,2,-1.1939115524291992,160,40
strike,0,object_0_static_friction,3,-7.407538414001465,160,40
strike,0,object_0_static_friction,4,-4.759115219116211,160,40
strike,0,object_0_dynamic_friction,0,-6.603455066680908,160,40
strike,0,object_0_dynamic_friction,1,-3.4004712104797363,160,40
strike,0,object_0_dynamic_friction,2,-3.0829062461853027,160,40
strike,0,object_0_dynamic_friction,3,-5.034059047698975,160,40
strike,0,object_0_dynamic_friction,4,-3.337709426879883,160,40
strike,0,surface_static_friction,0,-21.74832534790039,160,40
strike,0,surface_static_friction,1,-5.907442569732666,160,40
strike,0,surface_static_friction,2,-3.235157012939453,160,40
strike,0,surface_static_friction,3,-5.910412311553955,160,40
strike,0,surface_static_friction,4,-18.78133773803711,160,40
strike,0,surface_dynamic_friction,0,-12.226343154907227,160,40
strike,0,surface_dynamic_friction,1,-5.09315824508667,160,40
strike,0,surface_dynamic_friction,2,-1.819403886795044,160,40
strike,0,surface_dynamic_friction,3,-4.1412739753723145,160,40
strike,0,surface_dynamic_friction,4,-4.575378894805908,160,40
strike,0,object_0_restitution,0,-6.9683122634887695,160,40
strike,0,object_0_restitution,1,-3.028144359588623,160,40
strike,0,object_0_restitution,2,-4.59196138381958,160,40
strike,0,object_0_restitution,3,-16.52984619140625,160,40
strike,0,object_0_restitution,4,-16.749256134033203,160,40
strike,1,object_0_mass,0,-3.303149700164795,160,40
strike,1,object_0_mass,1,-2.948779821395874,160,40
strike,1,object_0_mass,2,-2.517732620239258,160,40
strike,1,object_0_mass,3,-2.675551652908325,160,40
strike,1,object_0_mass,4,-6.755395412445068,160,40
strike,1,object_0_static_friction,0,-2.7569799423217773,160,40
strike,1,object_0_static_friction,1,-2.309879779815674,160,40
strike,1,object_0_static_friction,2,-2.4018852710723877,160,40
strike,1,object_0_static_friction,3,-2.651010751724243,160,40
strike,1,object_0_static_friction,4,-3.61838960647583,160,40
strike,1,object_0_dynamic_friction,0,-3.377678394317627,160,40
strike,1,object_0_dynamic_friction,1,-2.990070104598999,160,40
strike,1,object_0_dynamic_friction,2,-3.3652706146240234,160,40
strike,1,object_0_dynamic_friction,3,-2.473759412765503,160,40
strike,1,object_0_dynamic_friction,4,-1.4194250106811523,160,40
strike,1,surface_static_friction,0,-7.663333892822266,160,40
strike,1,surface_static_friction,1,-3.791015625,160,40
strike,1,surface_static_friction,2,-3.6347365379333496,160,40
strike,1,surface_static_friction,3,-2.916849136352539,160,40
strike,1,surface_static_friction,4,-3.572014808654785,160,40
strike,1,surface_dynamic_friction,0,-4.69711446762085,160,40
strike,1,surface_dynamic_friction,1,-2.3169891834259033,160,40
strike,1,surface_dynamic_friction,2,-0.9140468835830688,160,40
strike,1,surface_dynamic_friction,3,-1.9986062049865723,160,40
strike,1,surface_dynamic_friction,4,-11.075032234191895,160,40
strike,1,object_0_restitution,0,-4.904595375061035,160,40
strike,1,object_0_restitution,1,-3.0067009925842285,160,40
strike,1,object_0_restitution,2,-3.8667283058166504,160,40
strike,1,object_0_restitution,3,-11.345401763916016,160,40
strike,1,object_0_restitution,4,-5.81929349899292,160,40
strike,2,object_0_mass,0,-1.361189603805542,160,40
strike,2,object_0_mass,1,-2.2060706615448,160,40
strike,2,object_0_mass,2,-2.089256763458252,160,40
strike,2,object_0_mass,3,-4.988820552825928,160,40
strike,2,object_0_mass,4,-1.5893678665161133,160,40
strike,2,object_0_static_friction,0,-0.8121836185455322,160,40
strike,2,object_0_static_friction,1,-1.462803840637207,160,40
strike,2,object_0_static_friction,2,-1.4251973628997803,160,40
strike,2,object_0_static_friction,3,-0.7832862138748169,160,40
strike,2,object_0_static_friction,4,-1.6403796672821045,160,40
strike,2,object_0_dynamic_friction,0,-1.5861692428588867,160,40
strike,2,object_0_dynamic_friction,1,-1.565885066986084,160,40
strike,2,object_0_dynamic_friction,2,-1.3894870281219482,160,40
strike,2,object_0_dynamic_friction,3,-0.71856689453125,160,40
strike,2,object_0_dynamic_friction,4,-0.35928595066070557,160,40
strike,2,surface_static_friction,0,-3.7860636711120605,160,40
strike,2,surface_static_friction,1,-3.461296558380127,160,40
strike,2,surface_static_friction,2,-2.9962961673736572,160,40
strike,2,surface_static_friction,3,-1.8886773586273193,160,40
strike,2,surface_static_friction,4,-3.1211142539978027,160,40
strike,2,surface_dynamic_friction,0,-1.7810513973236084,160,40
strike,2,surface_dynamic_friction,1,-2.311107873916626,160,40
strike,2,surface_dynamic_friction,2,-1.4128596782684326,160,40
strike,2,surface_dynamic_friction,3,-2.9589099884033203,160,40
strike,2,surface_dynamic_friction,4,-4.795559406280518,160,40
strike,2,object_0_restitution,0,-3.283841609954834,160,40
strike,2,object_0_restitution,1,-2.5608561038970947,160,40
strike,2,object_0_restitution,2,-1.4773070812225342,160,40
strike,2,object_0_restitution,3,-4.826745510101318,160,40
strike,2,object_0_restitution,4,-3.835171699523926,160,40
strike,3,object_0_mass,0,-1.6285109519958496,160,40
strike,3,object_0_mass,1,-1.9159092903137207,160,40
strike,3,object_0_mass,2,-2.025209426879883,160,40
strike,3,object_0_mass,3,-1.897620677947998,160,40
strike,3,object_0_mass,4,-2.9699759483337402,160,40
strike,3,object_0_static_friction,0,-0.31416618824005127,160,40
strike,3,object_0_static_friction,1,-1.0698318481445312,160,40
strike,3,object_0_static_friction,2,-1.0651874542236328,160,40
strike,3,object_0_static_friction,3,-0.19291627407073975,160,40
strike,3,object_0_static_friction,4,-0.7409896850585938,160,40
strike,3,object_0_dynamic_friction,0,-1.0859389305114746,160,40
strike,3,object_0_dynamic_friction,1,-1.316765308380127,160,40
strike,3,object_0_dynamic_friction,2,-1.6841773986816406,160,40
strike,3,object_0_dynamic_friction,3,-0.43447136878967285,160,40
strike,3,object_0_dynamic_friction,4,-0.6073267459869385,160,40
strike,3,surface_static_friction,0,-1.8903532028198242,160,40
strike,3,surface_static_friction,1,-2.0307023525238037,160,40
strike,3,surface_static_friction,2,-2.3835184574127197,160,40
strike,3,surface_static_friction,3,-2.3462307453155518,160,40
strike,3,surface_static_friction,4,-4.346108913421631,160,40
strike,3,surface_dynamic_friction,0,-1.2852637767791748,160,40
strike,3,surface_dynamic_friction,1,-1.6981799602508545,160,40
strike,3,surface_dynamic_friction,2,-1.1472151279449463,160,40
strike,3,surface_dynamic_friction,3,-1.4075756072998047,160,40
strike,3,surface_dynamic_friction,4,-3.366607189178467,160,40
strike,3,object_0_restitution,0,-2.344390392303467,160,40
strike,3,object_0_restitution,1,-1.1513025760650635,160,40
strike,3,object_0_restitution,2,-2.115464210510254,160,40
strike,3,object_0_restitution,3,-4.812734603881836,160,40
strike,3,object_0_restitution,4,-2.333329439163208,160,40
strike,4,object_0_mass,0,-1.5546376705169678,160,40
strike,4,object_0_mass,1,-3.1146202087402344,160,40
strike,4,object_0_mass,2,-1.2730977535247803,160,40
strike,4,object_0_mass,3,-2.6526589393615723,160,40
strike,4,object_0_mass,4,-3.5542330741882324,160,40
strike,4,object_0_static_friction,0,-0.7525867223739624,160,40
strike,4,object_0_static_friction,1,-0.6171975135803223,160,40
strike,4,object_0_static_friction,2,-1.7661304473876953,160,40
strike,4,object_0_static_friction,3,-0.3050335645675659,160,40
strike,4,object_0_static_friction,4,-0.5423117876052856,160,40
strike,4,object_0_dynamic_friction,0,-0.8213516473770142,160,40
strike,4,object_0_dynamic_friction,1,-0.4981813430786133,160,40
strike,4,object_0_dynamic_friction,2,-1.5345144271850586,160,40
strike,4,object_0_dynamic_friction,3,-0.17255628108978271,160,40
strike,4,object_0_dynamic_friction,4,-0.6961808204650879,160,40
strike,4,surface_static_friction,0,-1.6306943893432617,160,40
strike,4,surface_static_friction,1,-1.5320184230804443,160,40
strike,4,surface_static_friction,2,-3.274998188018799,160,40
strike,4,surface_static_friction,3,-1.1407666206359863,160,40
strike,4,surface_static_friction,4,-3.5548367500305176,160,40
strike,4,surface_dynamic_friction,0,-0.5564965009689331,160,40
strike,4,surface_dynamic_friction,1,-1.1138637065887451,160,40
strike,4,surface_dynamic_friction,2,-1.7169756889343262,160,40
strike,4,surface_dynamic_friction,3,-0.5803062915802002,160,40
strike,4,surface_dynamic_friction,4,-2.303354263305664,160,40
strike,4,object_0_restitution,0,-1.5053966045379639,160,40
strike,4,object_0_restitution,1,-1.6930971145629883,160,40
strike,4,object_0_restitution,2,-1.6401233673095703,160,40
strike,4,object_0_restitution,3,-3.336299419403076,160,40
strike,4,object_0_restitution,4,-3.0964126586914062,160,40
strike,5,object_0_mass,0,-1.7355220317840576,160,40
strike,5,object_0_mass,1,-3.483882427215576,160,40
strike,5,object_0_mass,2,-1.7440838813781738,160,40
strike,5,object_0_mass,3,-1.4137260913848877,160,40
strike,5,object_0_mass,4,-1.9604988098144531,160,40
strike,5,object_0_static_friction,0,-0.228041410446167,160,40
strike,5,object_0_static_friction,1,-0.1549375057220459,160,40
strike,5,object_0_static_friction,2,-1.5063982009887695,160,40
strike,5,object_0_static_friction,3,-0.06419312953948975,160,40
strike,5,object_0_static_friction,4,-0.0868607759475708,160,40
strike,5,object_0_dynamic_friction,0,-0.7644789218902588,160,40
strike,5,object_0_dynamic_friction,1,-0.5034036636352539,160,40
strike,5,object_0_dynamic_friction,2,-1.4415969848632812,160,40
strike,5,object_0_dynamic_friction,3,-0.1010732650756836,160,40
strike,5,object_0_dynamic_friction,4,-0.42496156692504883,160,40
strike,5,surface_static_friction,0,-1.0693447589874268,160,40
strike,5,surface_static_friction,1,-1.4903912544250488,160,40
strike,5,surface_static_friction,2,-3.171994686126709,160,40
strike,5,surface_static_friction,3,-1.3620643615722656,160,40
strike,5,surface_static_friction,4,-1.3419315814971924,160,40
strike,5,surface_dynamic_friction,0,-1.349992036819458,160,40
strike,5,surface_dynamic_friction,1,-1.3113903999328613,160,40
strike,5,surface_dynamic_friction,2,-0.9939706325531006,160,40
strike,5,surface_dynamic_friction,3,-0.8302974700927734,160,40
strike,5,surface_dynamic_friction,4,-3.8445887565612793,160,40
strike,5,object_0_restitution,0,-0.99989914894104,160,40
strike,5,object_0_restitution,1,-0.7896159887313843,160,40
strike,5,object_0_restitution,2,-2.7073891162872314,160,40
strike,5,object_0_restitution,3,-2.7171669006347656,160,40
strike,5,object_0_restitution,4,-2.319091796875,160,40
strike,6,object_0_mass,0,-0.7489123344421387,160,40
strike,6,object_0_mass,1,-2.2563252449035645,160,40
strike,6,object_0_mass,2,-1.0368807315826416,160,40
strike,6,object_0_mass,3,-1.3542869091033936,160,40
strike,6,object_0_mass,4,-1.2830431461334229,160,40
strike,6,object_0_static_friction,0,0.08002150058746338,160,40
strike,6,object_0_static_friction,1,-0.20716595649719238,160,40
strike,6,object_0_static_friction,2,-1.5190527439117432,160,40
strike,6,object_0_static_friction,3,-0.029226064682006836,160,40
strike,6,object_0_static_friction,4,-0.0006624460220336914,160,40
strike,6,object_0_dynamic_friction,0,-0.3722323179244995,160,40
strike,6,object_0_dynamic_friction,1,-0.9500383138656616,160,40
strike,6,object_0_dynamic_friction,2,-2.555471897125244,160,40
strike,6,object_0_dynamic_friction,3,-0.16432714462280273,160,40
strike,6,object_0_dynamic_friction,4,-0.2337198257446289,160,40
strike,6,surface_static_friction,0,-0.8550769090652466,160,40
strike,6,surface_static_friction,1,-1.379587173461914,160,40
strike,6,surface_static_friction,2,-1.7625012397766113,160,40
strike,6,surface_static_friction,3,-0.912619948387146,160,40
strike,6,surface_static_friction,4,-1.8526496887207031,160,40
strike,6,surface_dynamic_friction,0,-0.24585306644439697,160,40
strike,6,surface_dynamic_friction,1,-0.33627235889434814,160,40
strike,6,surface_dynamic_friction,2,-0.5119078159332275,160,40
strike,6,surface_dynamic_friction,3,-0.5534731149673462,160,40
strike,6,surface_dynamic_friction,4,-4.382329940795898,160,40
strike,6,object_0_restitution,0,-1.1624653339385986,160,40
strike,6,object_0_restitution,1,-0.9618773460388184,160,40
strike,6,object_0_restitution,2,-0.8998771905899048,160,40
strike,6,object_0_restitution,3,-2.3610029220581055,160,40
strike,6,object_0_restitution,4,-1.6238322257995605,160,40
strike,7,object_0_mass,0,-1.4845516681671143,160,40
strike,7,object_0_mass,1,-3.218503952026367,160,40
strike,7,object_0_mass,2,-2.260512113571167,160,40
strike,7,object_0_mass,3,-1.068408489227295,160,40
strike,7,object_0_mass,4,-1.776357650756836,160,40
strike,7,object_0_static_friction,0,-0.303633451461792,160,40
strike,7,object_0_static_friction,1,-0.46228134632110596,160,40
strike,7,object_0_static_friction,2,-0.8658778667449951,160,40
strike,7,object_0_static_friction,3,-0.02690887451171875,160,40
strike,7,object_0_static_friction,4,-0.10864078998565674,160,40
strike,7,object_0_dynamic_friction,0,-0.4075711965560913,160,40
strike,7,object_0_dynamic_friction,1,-1.1522812843322754,160,40
strike,7,object_0_dynamic_friction,2,-2.582915782928467,160,40
strike,7,object_0_dynamic_friction,3,-0.31179046630859375,160,40
strike,7,object_0_dynamic_friction,4,-0.6577534675598145,160,40
strike,7,surface_static_friction,0,-2.3665308952331543,160,40
strike,7,surface_static_friction,1,-1.5153429508209229,160,40
strike,7,surface_static_friction,2,-2.768233299255371,160,40
strike,7,surface_static_friction,3,-1.5120062828063965,160,40
strike,7,surface_static_friction,4,-1.1156492233276367,160,40
strike,7,surface_dynamic_friction,0,-0.9980157613754272,160,40
strike,7,surface_dynamic_friction,1,-1.2917556762695312,160,40
strike,7,surface_dynamic_friction,2,-0.4893745183944702,160,40
strike,7,surface_dynamic_friction,3,-1.0712268352508545,160,40
strike,7,surface_dynamic_friction,4,-2.0864219665527344,160,40
strike,7,object_0_restitution,0,-0.2607220411300659,160,40
strike,7,object_0_restitution,1,-0.30270540714263916,160,40
strike,7,object_0_restitution,2,-0.3143138885498047,160,40
strike,7,object_0_restitution,3,-1.675858736038208,160,40
strike,7,object_0_restitution,4,-0.9546997547149658,160,40
strike,8,object_0_mass,0,-1.4346466064453125,160,40
strike,8,object_0_mass,1,-4.124931812286377,160,40
strike,8,object_0_mass,2,-1.1527488231658936,160,40
strike,8,object_0_mass,3,-1.5095717906951904,160,40
strike,8,object_0_mass,4,-2.3267579078674316,160,40
strike,8,object_0_static_friction,0,0.02853095531463623,160,40
strike,8,object_0_static_friction,1,-0.766834020614624,160,40
strike,8,object_0_static_friction,2,-0.9089862108230591,160,40
strike,8,object_0_static_friction,3,0.10816949605941772,160,40
strike,8,object_0_static_friction,4,-0.030248045921325684,160,40
strike,8,object_0_dynamic_friction,0,-0.28646302223205566,160,40
strike,8,object_0_dynamic_friction,1,-0.7755866050720215,160,40
strike,8,object_0_dynamic_friction,2,-1.544463872909546,160,40
strike,8,object_0_dynamic_friction,3,-0.25793778896331787,160,40
strike,8,object_0_dynamic_friction,4,-0.2185918092727661,160,40
strike,8,surface_static_friction,0,-2.1432509422302246,160,40
strike,8,surface_static_friction,1,-1.9038596153259277,160,40
strike,8,surface_static_friction,2,-2.052414655685425,160,40
strike,8,surface_static_friction,3,-1.29390287399292,160,40
strike,8,surface_static_friction,4,-0.6461341381072998,160,40
strike,8,surface_dynamic_friction,0,-1.4235458374023438,160,40
strike,8,surface_dynamic_friction,1,-2.229698419570923,160,40
strike,8,surface_dynamic_friction,2,-0.7728514671325684,160,40
strike,8,surface_dynamic_friction,3,-1.5171384811401367,160,40
strike,8,surface_dynamic_friction,4,-3.3854641914367676,160,40
strike,8,object_0_restitution,0,-0.8592517375946045,160,40
strike,8,object_0_restitution,1,-0.9538365602493286,160,40
strike,8,object_0_restitution,2,-1.0462391376495361,160,40
strike,8,object_0_restitution,3,-1.9578256607055664,160,40
strike,8,object_0_restitution,4,-1.275285005569458,160,40
strike,9,object_0_mass,0,-1.564448595046997,160,40
strike,9,object_0_mass,1,-1.61698317527771,160,40
strike,9,object_0_mass,2,-1.621347427368164,160,40
strike,9,object_0_mass,3,-1.149749755859375,160,40
strike,9,object_0_mass,4,-1.4909179210662842,160,40
strike,9,object_0_static_friction,0,-0.498454213142395,160,40
strike,9,object_0_static_friction,1,-0.281308650970459,160,40
strike,9,object_0_static_friction,2,-1.073894739151001,160,40
strike,9,object_0_static_friction,3,-0.08555316925048828,160,40
strike,9,object_0_static_friction,4,0.10020679235458374,160,40
strike,9,object_0_dynamic_friction,0,-0.1883542537689209,160,40
strike,9,object_0_dynamic_friction,1,-0.08544719219207764,160,40
strike,9,object_0_dynamic_friction,2,-0.9052410125732422,160,40
strike,9,object_0_dynamic_friction,3,-0.42637109756469727,160,40
strike,9,object_0_dynamic_friction,4,0.2970091700553894,160,40
strike,9,surface_static_friction,0,-3.382018566131592,160,40
strike,9,surface_static_friction,1,-1.353353500366211,160,40
strike,9,surface_static_friction,2,-2.2083740234375,160,40
strike,9,surface_static_friction,3,-2.3972389698028564,160,40
strike,9,surface_static_friction,4,-1.000237226486206,160,40
strike,9,surface_dynamic_friction,0,-1.6356379985809326,160,40
strike,9,surface_dynamic_friction,1,-1.2856123447418213,160,40
strike,9,surface_dynamic_friction,2,-0.5186642408370972,160,40
strike,9,surface_dynamic_friction,3,-2.434830665588379,160,40
strike,9,surface_dynamic_friction,4,-1.715851068496704,160,40
strike,9,object_0_restitution,0,-1.2337889671325684,160,40
strike,9,object_0_restitution,1,-0.7574729919433594,160,40
strike,9,object_0_restitution,2,-0.6316893100738525,160,40
strike,9,object_0_restitution,3,-1.4610280990600586,160,40
strike,9,object_0_restitution,4,-1.6617767810821533,160,40
strike,10,object_0_mass,0,-1.6056013107299805,160,40
strike,10,object_0_mass,1,-2.252519369125366,160,40
strike,10,object_0_mass,2,-1.3778293132781982,160,40
strike,10,object_0_mass,3,-1.0600073337554932,160,40
strike,10,object_0_mass,4,-1.6894333362579346,160,40
strike,10,object_0_static_friction,0,-0.8459603786468506,160,40
strike,10,object_0_static_friction,1,-0.2650797367095947,160,40
strike,10,object_0_static_friction,2,-1.1843314170837402,160,40
strike,10,object_0_static_friction,3,-0.30954432487487793,160,40
strike,10,object_0_static_friction,4,0.09778457880020142,160,40
strike,10,object_0_dynamic_friction,0,-0.2450951337814331,160,40
strike,10,object_0_dynamic_friction,1,-0.1968228816986084,160,40
strike,10,object_0_dynamic_friction,2,-1.515044927597046,160,40
strike,10,object_0_dynamic_friction,3,-0.8119385242462158,160,40
strike,10,object_0_dynamic_friction,4,-4.184246063232422e-05,160,40
strike,10,surface_static_friction,0,-3.342824935913086,160,40
strike,10,surface_static_friction,1,-1.853626012802124,160,40
strike,10,surface_static_friction,2,-2.873239278793335,160,40
strike,10,surface_static_friction,3,-2.351825714111328,160,40
strike,10,surface_static_friction,4,-1.8502719402313232,160,40
strike,10,surface_dynamic_friction,0,-1.116370439529419,160,40
strike,10,surface_dynamic_friction,1,-1.482393741607666,160,40
strike,10,surface_dynamic_friction,2,-1.0472886562347412,160,40
strike,10,surface_dynamic_friction,3,-2.252993583679199,160,40
strike,10,surface_dynamic_friction,4,-1.5246334075927734,160,40
strike,10,object_0_restitution,0,-0.7128760814666748,160,40
strike,10,object_0_restitution,1,-0.4197608232498169,160,40
strike,10,object_0_restitution,2,-0.45665037631988525,160,40
strike,10,object_0_restitution,3,-1.4854726791381836,160,40
strike,10,object_0_restitution,4,-1.8115994930267334,160,40
strike,11,object_0_mass,0,-0.8378937244415283,160,40
strike,11,object_0_mass,1,-1.691638708114624,160,40
strike,11,object_0_mass,2,-1.1555724143981934,160,40
strike,11,object_0_mass,3,-1.0528268814086914,160,40
strike,11,object_0_mass,4,-0.7008001804351807,160,40
strike,11,object_0_static_friction,0,-0.4651470184326172,160,40
strike,11,object_0_static_friction,1,-0.1466963291168213,160,40
strike,11,object_0_static_friction,2,-1.156019687652588,160,40
strike,11,object_0_static_friction,3,-0.2979879379272461,160,40
strike,11,object_0_static_friction,4,0.220525860786438,160,40
strike,11,object_0_dynamic_friction,0,-0.20656728744506836,160,40
strike,11,object_0_dynamic_friction,1,-0.0449833869934082,160,40
strike,11,object_0_dynamic_friction,2,-0.9436343908309937,160,40
strike,11,object_0_dynamic_friction,3,-0.3802492618560791,160,40
strike,11,object_0_dynamic_friction,4,0.24511826038360596,160,40
strike,11,surface_static_friction,0,-2.490297794342041,160,40
strike,11,surface_static_friction,1,-1.5139715671539307,160,40
strike,11,surface_static_friction,2,-2.1745848655700684,160,40
strike,11,surface_static_friction,3,-1.4461572170257568,160,40
strike,11,surface_static_friction,4,-1.10408353805542,160,40
strike,11,surface_dynamic_friction,0,-0.8986978530883789,160,40
strike,11,surface_dynamic_friction,1,-1.6385226249694824,160,40
strike,11,surface_dynamic_friction,2,-1.2659320831298828,160,40
strike,11,surface_dynamic_friction,3,-1.4954922199249268,160,40
strike,11,surface_dynamic_friction,4,-1.1903774738311768,160,40
strike,11,object_0_restitution,0,-0.7969142198562622,160,40
strike,11,object_0_restitution,1,-0.4073437452316284,160,40
strike,11,object_0_restitution,2,-0.8191592693328857,160,40
strike,11,object_0_restitution,3,-1.2072129249572754,160,40
strike,11,object_0_restitution,4,-1.6421308517456055,160,40
strike,12,object_0_mass,0,-1.2718451023101807,160,40
strike,12,object_0_mass,1,-2.932448148727417,160,40
strike,12,object_0_mass,2,-0.9850283861160278,160,40
strike,12,object_0_mass,3,-0.8815945386886597,160,40
strike,12,object_0_mass,4,-2.1423401832580566,160,40
strike,12,object_0_static_friction,0,-0.30150604248046875,160,40
strike,12,object_0_static_friction,1,-0.7455990314483643,160,40
strike,12,object_0_static_friction,2,-1.282867431640625,160,40
strike,12,object_0_static_friction,3,-0.1868283748626709,160,40
strike,12,object_0_static_friction,4,0.3220609426498413,160,40
strike,12,object_0_dynamic_friction,0,-0.7150763273239136,160,40
strike,12,object_0_dynamic_friction,1,-0.5562350749969482,160,40
strike,12,object_0_dynamic_friction,2,-1.7562098503112793,160,40
strike,12,object_0_dynamic_friction,3,-0.48587560653686523,160,40
strike,12,object_0_dynamic_friction,4,0.3145145773887634,160,40
strike,12,surface_static_friction,0,-2.4070239067077637,160,40
strike,12,surface_static_friction,1,-1.5623202323913574,160,40
strike,12,surface_static_friction,2,-1.2921977043151855,160,40
strike,12,surface_static_friction,3,-1.4853787422180176,160,40
strike,12,surface_static_friction,4,-0.842440128326416,160,40
strike,12,surface_dynamic_friction,0,-0.825586199760437,160,40
strike,12,surface_dynamic_friction,1,-1.023298978805542,160,40
strike,12,surface_dynamic_friction,2,-0.8012694120407104,160,40
strike,12,surface_dynamic_friction,3,-1.140580415725708,160,40
strike,12,surface_dynamic_friction,4,-1.5294528007507324,160,40
strike,12,object_0_restitution,0,-0.6110581159591675,160,40
strike,12,object_0_restitution,1,-0.5693813562393188,160,40
strike,12,object_0_restitution,2,-1.2355945110321045,160,40
strike,12,object_0_restitution,3,-0.6219847202301025,160,40
strike,12,object_0_restitution,4,-1.2862696647644043,160,40
strike,13,object_0_mass,0,-1.242309331893921,160,40
strike,13,object_0_mass,1,-1.9214198589324951,160,40
strike,13,object_0_mass,2,-1.0908148288726807,160,40
strike,13,object_0_mass,3,-0.6635490655899048,160,40
strike,13,object_0_mass,4,-1.8967020511627197,160,40
strike,13,object_0_static_friction,0,-0.16103041172027588,160,40
strike,13,object_0_static_friction,1,-0.7732300758361816,160,40
strike,13,object_0_static_friction,2,-1.0771205425262451,160,40
strike,13,object_0_static_friction,3,-0.4074634313583374,160,40
strike,13,object_0_static_friction,4,0.3487050533294678,160,40
strike,13,object_0_dynamic_friction,0,-0.3757131099700928,160,40
strike,13,object_0_dynamic_friction,1,-0.5168527364730835,160,40
strike,13,object_0_dynamic_friction,2,-1.9697868824005127,160,40
strike,13,object_0_dynamic_friction,3,-0.6163303852081299,160,40
strike,13,object_0_dynamic_friction,4,0.33821094036102295,160,40
strike,13,surface_static_friction,0,-2.6973462104797363,160,40
strike,13,surface_static_friction,1,-1.723762035369873,160,40
strike,13,surface_static_friction,2,-0.9882336854934692,160,40
strike,13,surface_static_friction,3,-1.2059082984924316,160,40
strike,13,surface_static_friction,4,-1.2263503074645996,160,40
strike,13,surface_dynamic_friction,0,-0.7051540613174438,160,40
strike,13,surface_dynamic_friction,1,-1.1113612651824951,160,40
strike,13,surface_dynamic_friction,2,-1.1637630462646484,160,40
strike,13,surface_dynamic_friction,3,-1.6858315467834473,160,40
strike,13,surface_dynamic_friction,4,-2.707369089126587,160,40
strike,13,object_0_restitution,0,-1.1745076179504395,160,40
strike,13,object_0_restitution,1,-1.1138904094696045,160,40
strike,13,object_0_restitution,2,-1.303131341934204,160,40
strike,13,object_0_restitution,3,-0.7774946689605713,160,40
strike,13,object_0_restitution,4,-1.1349961757659912,160,40
strike,14,object_0_mass,0,-0.8577991724014282,160,40
strike,14,object_0_mass,1,-1.5362379550933838,160,40
strike,14,object_0_mass,2,-1.4853432178497314,160,40
strike,14,object_0_mass,3,-0.5671101808547974,160,40
strike,14,object_0_mass,4,-1.5690827369689941,160,40
strike,14,object_0_static_friction,0,0.12612658739089966,160,40
strike,14,object_0_static_friction,1,0.26097798347473145,160,40
strike,14,object_0_static_friction,2,-0.9791097640991211,160,40
strike,14,object_0_static_friction,3,-0.0576859712600708,160,40
strike,14,object_0_static_friction,4,0.35399705171585083,160,40
strike,14,object_0_dynamic_friction,0,-0.19108688831329346,160,40
strike,14,object_0_dynamic_friction,1,-0.30607354640960693,160,40
strike,14,object_0_dynamic_friction,2,-1.851698398590088,160,40
strike,14,object_0_dynamic_friction,3,-0.3373783826828003,160,40
strike,14,object_0_dynamic_friction,4,0.31152772903442383,160,40
strike,14,surface_static_friction,0,-2.1476900577545166,160,40
strike,14,surface_static_friction,1,-1.6968588829040527,160,40
strike,14,surface_static_friction,2,-1.5808355808258057,160,40
strike,14,surface_static_friction,3,-1.5894460678100586,160,40
strike,14,surface_static_friction,4,-0.8789016008377075,160,40
strike,14,surface_dynamic_friction,0,-0.7051851749420166,160,40
strike,14,surface_dynamic_friction,1,-1.1759061813354492,160,40
strike,14,surface_dynamic_friction,2,-1.3166368007659912,160,40
strike,14,surface_dynamic_friction,3,-1.6757173538208008,160,40
strike,14,surface_dynamic_friction,4,-1.9784207344055176,160,40
strike,14,object_0_restitution,0,-1.0281600952148438,160,40
strike,14,object_0_restitution,1,-1.1628272533416748,160,40
strike,14,object_0_restitution,2,-1.2554121017456055,160,40
strike,14,object_0_restitution,3,-1.1349952220916748,160,40
strike,14,object_0_restitution,4,-1.0733976364135742,160,40
strike,15,object_0_mass,0,-1.098522663116455,160,40
strike,15,object_0_mass,1,-2.6064364910125732,160,40
strike,15,object_0_mass,2,-0.939311146736145,160,40
strike,15,object_0_mass,3,-0.3305342197418213,160,40
strike,15,object_0_mass,4,-2.4132847785949707,160,40
strike,15,object_0_static_friction,0,-0.009190797805786133,160,40
strike,15,object_0_static_friction,1,0.41188937425613403,160,40
strike,15,object_0_static_friction,2,-0.3558635711669922,160,40
strike,15,object_0_static_friction,3,0.10464751720428467,160,40
strike,15,object_0_static_friction,4,0.29924654960632324,160,40
strike,15,object_0_dynamic_friction,0,-0.23009276390075684,160,40
strike,15,object_0_dynamic_friction,1,-0.31307947635650635,160,40
strike,15,object_0_dynamic_friction,2,-1.4659745693206787,160,40
strike,15,object_0_dynamic_friction,3,-0.024433493614196777,160,40
strike,15,object_0_dynamic_friction,4,0.24398505687713623,160,40
strike,15,surface_static_friction,0,-2.527602195739746,160,40
strike,15,surface_static_friction,1,-1.2165729999542236,160,40
strike,15,surface_static_friction,2,-1.292454719543457,160,40
strike,15,surface_static_friction,3,-1.79384446144104,160,40
strike,15,surface_static_friction,4,-0.8032535314559937,160,40
strike,15,surface_dynamic_friction,0,-1.9380378723144531,160,40
strike,15,surface_dynamic_friction,1,-1.159553050994873,160,40
strike,15,surface_dynamic_friction,2,-1.1811752319335938,160,40
strike,15,surface_dynamic_friction,3,-2.454789161682129,160,40
strike,15,surface_dynamic_friction,4,-1.9979848861694336,160,40
strike,15,object_0_restitution,0,-1.4117510318756104,160,40
strike,15,object_0_restitution,1,-0.8776272535324097,160,40
strike,15,object_0_restitution,2,-1.0386290550231934,160,40
strike,15,object_0_restitution,3,-1.0977158546447754,160,40
strike,15,object_0_restitution,4,-1.6475393772125244,160,40
strike,16,object_0_mass,0,-0.6268454790115356,160,40
strike,16,object_0_mass,1,-2.179353952407837,160,40
strike,16,object_0_mass,2,-0.49350428581237793,160,40
strike,16,object_0_mass,3,-0.31028199195861816,160,40
strike,16,object_0_mass,4,-2.113497018814087,160,40
strike,16,object_0_static_friction,0,-0.5550525188446045,160,40
strike,16,object_0_static_friction,1,0.03449451923370361,160,40
strike,16,object_0_static_friction,2,-0.5390006303787231,160,40
strike,16,object_0_static_friction,3,0.15752112865447998,160,40
strike,16,object_0_static_friction,4,0.02967703342437744,160,40
strike,16,object_0_dynamic_friction,0,-0.2889591455459595,160,40
strike,16,object_0_dynamic_friction,1,-0.8066061735153198,160,40
strike,16,object_0_dynamic_friction,2,-1.3423612117767334,160,40
strike,16,object_0_dynamic_friction,3,0.17380231618881226,160,40
strike,16,object_0_dynamic_friction,4,-0.024758577346801758,160,40
strike,16,surface_static_friction,0,-2.468416452407837,160,40
strike,16,surface_static_friction,1,-1.4182562828063965,160,40
strike,16,surface_static_friction,2,-1.8562743663787842,160,40
strike,16,surface_static_friction,3,-1.6115946769714355,160,40
strike,16,surface_static_friction,4,-0.9882656335830688,160,40
strike,16,surface_dynamic_friction,0,-1.1888549327850342,160,40
strike,16,surface_dynamic_friction,1,-1.0204994678497314,160,40
strike,16,surface_dynamic_friction,2,-0.9930263757705688,160,40
strike,16,surface_dynamic_friction,3,-1.1822450160980225,160,40
strike,16,surface_dynamic_friction,4,-1.7949931621551514,160,40
strike,16,object_0_restitution,0,-1.0150716304779053,160,40
strike,16,object_0_restitution,1,-0.8899848461151123,160,40
strike,16,object_0_restitution,2,-0.8197108507156372,160,40
strike,16,object_0_restitution,3,-1.4861633777618408,160,40
strike,16,object_0_restitution,4,-2.0334246158599854,160,40
strike,17,object_0_mass,0,-1.1029150485992432,160,40
strike,17,object_0_mass,1,-3.047369956970215,160,40
strike,17,object_0_mass,2,-1.192157506942749,160,40
strike,17,object_0_mass,3,-0.5935111045837402,160,40
strike,17,object_0_mass,4,-1.958435297012329,160,40
strike,17,object_0_static_friction,0,-0.15281879901885986,160,40
strike,17,object_0_static_friction,1,-0.6477488279342651,160,40
strike,17,object_0_static_friction,2,-0.7587074041366577,160,40
strike,17,object_0_static_friction,3,0.27833080291748047,160,40
strike,17,object_0_static_friction,4,0.20167869329452515,160,40
strike,17,object_0_dynamic_friction,0,-0.7531371116638184,160,40
strike,17,object_0_dynamic_friction,1,-1.4100422859191895,160,40
strike,17,object_0_dynamic_friction,2,-1.4646968841552734,160,40
strike,17,object_0_dynamic_friction,3,-0.09160363674163818,160,40
strike,17,object_0_dynamic_friction,4,-0.15832090377807617,160,40
strike,17,surface_static_friction,0,-3.4678115844726562,160,40
strike,17,surface_static_friction,1,-1.340766429901123,160,40
strike,17,surface_static_friction,2,-1.7574725151062012,160,40
strike,17,surface_static_friction,3,-1.3454489707946777,160,40
strike,17,surface_static_friction,4,-2.1675829887390137,160,40
strike,17,surface_dynamic_friction,0,-0.48924028873443604,160,40
strike,17,surface_dynamic_friction,1,-1.7098469734191895,160,40
strike,17,surface_dynamic_friction,2,-1.4745476245880127,160,40
strike,17,surface_dynamic_friction,3,-1.0767230987548828,160,40
strike,17,surface_dynamic_friction,4,-1.2047667503356934,160,40
strike,17,object_0_restitution,0,-1.3829278945922852,160,40
strike,17,object_0_restitution,1,-1.5295383930206299,160,40
strike,17,object_0_restitution,2,-1.5323066711425781,160,40
strike,17,object_0_restitution,3,-1.1119561195373535,160,40
strike,17,object_0_restitution,4,-1.1059424877166748,160,40
strike,18,object_0_mass,0,-1.1486551761627197,160,40
strike,18,object_0_mass,1,-3.115036964416504,160,40
strike,18,object_0_mass,2,-1.8202335834503174,160,40
strike,18,object_0_mass,3,-0.24588465690612793,160,40
strike,18,object_0_mass,4,-2.127776622772217,160,40
strike,18,object_0_static_friction,0,-0.15482831001281738,160,40
strike,18,object_0_static_friction,1,-0.7389651536941528,160,40
strike,18,object_0_static_friction,2,-0.813321590423584,160,40
strike,18,object_0_static_friction,3,0.2944984436035156,160,40
strike,18,object_0_static_friction,4,-0.3073437213897705,160,40
strike,18,object_0_dynamic_friction,0,-0.619297981262207,160,40
strike,18,object_0_dynamic_friction,1,-0.8962610960006714,160,40
strike,18,object_0_dynamic_friction,2,-2.0006051063537598,160,40
strike,18,object_0_dynamic_friction,3,-0.09025192260742188,160,40
strike,18,object_0_dynamic_friction,4,-0.31932783126831055,160,40
strike,18,surface_static_friction,0,-1.9140808582305908,160,40
strike,18,surface_static_friction,1,-1.0406858921051025,160,40
strike,18,surface_static_friction,2,-1.5248558521270752,160,40
strike,18,surface_static_friction,3,-1.5758042335510254,160,40
strike,18,surface_static_friction,4,-1.8692402839660645,160,40
strike,18,surface_dynamic_friction,0,-0.6569646596908569,160,40
strike,18,surface_dynamic_friction,1,-1.3242757320404053,160,40
strike,18,surface_dynamic_friction,2,-1.3909833431243896,160,40
strike,18,surface_dynamic_friction,3,-1.2930903434753418,160,40
strike,18,surface_dynamic_friction,4,-2.0727102756500244,160,40
strike,18,object_0_restitution,0,-0.996247410774231,160,40
strike,18,object_0_restitution,1,-1.530324935913086,160,40
strike,18,object_0_restitution,2,-1.7008907794952393,160,40
strike,18,object_0_restitution,3,-1.3683252334594727,160,40
strike,18,object_0_restitution,4,-1.177250623703003,160,40
strike,19,object_0_mass,0,-1.4167835712432861,160,40
strike,19,object_0_mass,1,-4.177606105804443,160,40
strike,19,object_0_mass,2,-2.094822406768799,160,40
strike,19,object_0_mass,3,-0.3353370428085327,160,40
strike,19,object_0_mass,4,-2.6461079120635986,160,40
strike,19,object_0_static_friction,0,-0.790101170539856,160,40
strike,19,object_0_static_friction,1,-0.3049572706222534,160,40
strike,19,object_0_static_friction,2,-1.1009876728057861,160,40
strike,19,object_0_static_friction,3,0.3260352611541748,160,40
strike,19,object_0_static_friction,4,-0.20011866092681885,160,40
strike,19,object_0_dynamic_friction,0,-0.6054390668869019,160,40
strike,19,object_0_dynamic_friction,1,-0.5353720188140869,160,40
strike,19,object_0_dynamic_friction,2,-1.78544282913208,160,40
strike,19,object_0_dynamic_friction,3,-0.08552289009094238,160,40
strike,19,object_0_dynamic_friction,4,-0.0736457109451294,160,40
strike,19,surface_static_friction,0,-1.719857931137085,160,40
strike,19,surface_static_friction,1,-0.908232569694519,160,40
strike,19,surface_static_friction,2,-1.5854382514953613,160,40
strike,19,surface_static_friction,3,-1.5467784404754639,160,40
strike,19,surface_static_friction,4,-1.3754665851593018,160,40
strike,19,surface_dynamic_friction,0,-0.7751326560974121,160,40
strike,19,surface_dynamic_friction,1,-1.0915000438690186,160,40
strike,19,surface_dynamic_friction,2,-1.1488072872161865,160,40
strike,19,surface_dynamic_friction,3,-0.7130756378173828,160,40
strike,19,surface_dynamic_friction,4,-1.3818941116333008,160,40
strike,19,object_0_restitution,0,-1.1558113098144531,160,40
strike,19,object_0_restitution,1,-1.3155198097229004,160,40
strike,19,object_0_restitution,2,-1.8043932914733887,160,40
strike,19,object_0_restitution,3,-1.6943035125732422,160,40
strike,19,object_0_restitution,4,-1.1654753684997559,160,40
strike,20,object_0_mass,0,-1.1505379676818848,160,40
strike,20,object_0_mass,1,-2.55061936378479,160,40
strike,20,object_0_mass,2,-1.8051104545593262,160,40
strike,20,object_0_mass,3,-0.12365305423736572,160,40
strike,20,object_0_mass,4,-1.942399263381958,160,40
strike,20,object_0_static_friction,0,-0.2782527208328247,160,40
strike,20,object_0_static_friction,1,-0.8039184808731079,160,40
strike,20,object_0_static_friction,2,-1.0918996334075928,160,40
strike,20,object_0_static_friction,3,0.36828362941741943,160,40
strike,20,object_0_static_friction,4,0.12161332368850708,160,40
strike,20,object_0_dynamic_friction,0,-0.46600449085235596,160,40
strike,20,object_0_dynamic_friction,1,-0.9028036594390869,160,40
strike,20,object_0_dynamic_friction,2,-1.779632329940796,160,40
strike,20,object_0_dynamic_friction,3,0.07134807109832764,160,40
strike,20,object_0_dynamic_friction,4,0.2738713026046753,160,40
strike,20,surface_static_friction,0,-1.6311843395233154,160,40
strike,20,surface_static_friction,1,-0.6321455240249634,160,40
strike,20,surface_static_friction,2,-1.5606954097747803,160,40
strike,20,surface_static_friction,3,-1.764366865158081,160,40
strike,20,surface_static_friction,4,-2.272662878036499,160,40
strike,20,surface_dynamic_friction,0,-0.9622210264205933,160,40
strike,20,surface_dynamic_friction,1,-1.3749897480010986,160,40
strike,20,surface_dynamic_friction,2,-1.1589279174804688,160,40
strike,20,surface_dynamic_friction,3,-1.012389898300171,160,40
strike,20,surface_dynamic_friction,4,-1.5045256614685059,160,40
strike,20,object_0_restitution,0,-1.1935679912567139,160,40
strike,20,object_0_restitution,1,-1.2097129821777344,160,40
strike,20,object_0_restitution,2,-1.5116283893585205,160,40
strike,20,object_0_restitution,3,-1.081132173538208,160,40
strike,20,object_0_restitution,4,-1.3163983821868896,160,40
strike,21,object_0_mass,0,-1.4425318241119385,160,40
strike,21,object_0_mass,1,-2.69792103767395,160,40
strike,21,object_0_mass,2,-2.7119479179382324,160,40
strike,21,object_0_mass,3,-0.3806610107421875,160,40
strike,21,object_0_mass,4,-1.859299898147583,160,40
strike,21,object_0_static_friction,0,-0.28732192516326904,160,40
strike,21,object_0_static_friction,1,-0.6053078174591064,160,40
strike,21,object_0_static_friction,2,-1.3835537433624268,160,40
strike,21,object_0_static_friction,3,0.2398354411125183,160,40
strike,21,object_0_static_friction,4,0.08174467086791992,160,40
strike,21,object_0_dynamic_friction,0,-1.1149938106536865,160,40
strike,21,object_0_dynamic_friction,1,-0.6667919158935547,160,40
strike,21,object_0_dynamic_friction,2,-2.089083194732666,160,40
strike,21,object_0_dynamic_friction,3,-0.07939982414245605,160,40
strike,21,object_0_dynamic_friction,4,-0.09758377075195312,160,40
strike,21,surface_static_friction,0,-1.666736364364624,160,40
strike,21,surface_static_friction,1,-0.6547530889511108,160,40
strike,21,surface_static_friction,2,-1.4470057487487793,160,40
strike,21,surface_static_friction,3,-1.5298092365264893,160,40
strike,21,surface_static_friction,4,-1.2751033306121826,160,40
strike,21,surface_dynamic_friction,0,-1.1649267673492432,160,40
strike,21,surface_dynamic_friction,1,-1.9401803016662598,160,40
strike,21,surface_dynamic_friction,2,-1.9309861660003662,160,40
strike,21,surface_dynamic_friction,3,-1.6705684661865234,160,40
strike,21,surface_dynamic_friction,4,-2.9656732082366943,160,40
strike,21,object_0_restitution,0,-1.2496623992919922,160,40
strike,21,object_0_restitution,1,-1.3214209079742432,160,40
strike,21,object_0_restitution,2,-2.349299430847168,160,40
strike,21,object_0_restitution,3,-0.9838660955429077,160,40
strike,21,object_0_restitution,4,-1.925830364227295,160,40
strike,22,object_0_mass,0,-0.8337106704711914,160,40
strike,22,object_0_mass,1,-4.087770462036133,160,40
strike,22,object_0_mass,2,-1.3445594310760498,160,40
strike,22,object_0_mass,3,-0.5702601671218872,160,40
strike,22,object_0_mass,4,-2.1410038471221924,160,40
strike,22,object_0_static_friction,0,-0.42511022090911865,160,40
strike,22,object_0_static_friction,1,-0.47328436374664307,160,40
strike,22,object_0_static_friction,2,-1.1580095291137695,160,40
strike,22,object_0_static_friction,3,0.268305242061615,160,40
strike,22,object_0_static_friction,4,0.015471696853637695,160,40
strike,22,object_0_dynamic_friction,0,-0.574690580368042,160,40
strike,22,object_0_dynamic_friction,1,-0.3535867929458618,160,40
strike,22,object_0_dynamic_friction,2,-2.2091145515441895,160,40
strike,22,object_0_dynamic_friction,3,-0.13672244548797607,160,40
strike,22,object_0_dynamic_friction,4,0.3163718581199646,160,40
strike,22,surface_static_friction,0,-2.1913909912109375,160,40
strike,22,surface_static_friction,1,-1.5048918724060059,160,40
strike,22,surface_static_friction,2,-2.3058316707611084,160,40
strike,22,surface_static_friction,3,-1.9857192039489746,160,40
strike,22,surface_static_friction,4,-0.9252336025238037,160,40
strike,22,surface_dynamic_friction,0,-0.7730839252471924,160,40
strike,22,surface_dynamic_friction,1,-1.2740249633789062,160,40
strike,22,surface_dynamic_friction,2,-1.6678564548492432,160,40
strike,22,surface_dynamic_friction,3,-1.647454023361206,160,40
strike,22,surface_dynamic_friction,4,-2.1052544116973877,160,40
strike,22,object_0_restitution,0,-1.3277597427368164,160,40
strike,22,object_0_restitution,1,-1.1362214088439941,160,40
strike,22,object_0_restitution,2,-1.377889633178711,160,40
strike,22,object_0_restitution,3,-0.09639966487884521,160,40
strike,22,object_0_restitution,4,-1.000633716583252,160,40
strike,23,object_0_mass,0,-1.2154982089996338,160,40
strike,23,object_0_mass,1,-3.241152763366699,160,40
strike,23,object_0_mass,2,-1.3195011615753174,160,40
strike,23,object_0_mass,3,-0.3998509645462036,160,40
strike,23,object_0_mass,4,-1.9858903884887695,160,40
strike,23,object_0_static_friction,0,-0.3526592254638672,160,40
strike,23,object_0_static_friction,1,-0.9122128486633301,160,40
strike,23,object_0_static_friction,2,-1.7130215167999268,160,40
strike,23,object_0_static_friction,3,0.35758984088897705,160,40
strike,23,object_0_static_friction,4,0.24869519472122192,160,40
strike,23,object_0_dynamic_friction,0,-1.0475189685821533,160,40
strike,23,object_0_dynamic_friction,1,-0.07313203811645508,160,40
strike,23,object_0_dynamic_friction,2,-2.4665677547454834,160,40
strike,23,object_0_dynamic_friction,3,-0.4142332077026367,160,40
strike,23,object_0_dynamic_friction,4,0.2595778703689575,160,40
strike,23,surface_static_friction,0,-1.6406886577606201,160,40
strike,23,surface_static_friction,1,-0.6868718862533569,160,40
strike,23,surface_static_friction,2,-1.6708307266235352,160,40
strike,23,surface_static_friction,3,-1.6981501579284668,160,40
strike,23,surface_static_friction,4,-1.803114652633667,160,40
strike,23,surface_dynamic_friction,0,-0.9270319938659668,160,40
strike,23,surface_dynamic_friction,1,-1.3868167400360107,160,40
strike,23,surface_dynamic_friction,2,-1.3011000156402588,160,40
strike,23,surface_dynamic_friction,3,-1.6013975143432617,160,40
strike,23,surface_dynamic_friction,4,-1.894188642501831,160,40
strike,23,object_0_restitution,0,-0.2011505365371704,160,40
strike,23,object_0_restitution,1,-1.5091075897216797,160,40
strike,23,object_0_restitution,2,-1.2625179290771484,160,40
strike,23,object_0_restitution,3,-0.3753666877746582,160,40
strike,23,object_0_restitution,4,-0.5126994848251343,160,40
