task,layer,variable,var_type,output_dim,r2_mean,r2_std,n_samples
peg_insert,0,peg_mass,static,1,-0.020435,0.010261,82500
peg_insert,0,peg_static_friction,static,1,-0.009698,0.010466,82500
peg_insert,0,peg_dynamic_friction,static,1,-0.009698,0.010466,82500
peg_insert,0,hole_static_friction,static,1,-0.007169,0.011102,82500
peg_insert,0,hole_dynamic_friction,static,1,-0.007169,0.011102,82500
peg_insert,0,ee_velocity,dynamic,3,0.725416,0.0118,82500
peg_insert,0,peg_velocity,dynamic,3,0.645263,0.012856,82500
peg_insert,0,insertion_depth,dynamic,1,0.796296,0.010419,82500
peg_insert,0,peg_hole_lateral_error,dynamic,1,0.431356,0.068645,82500
peg_insert,0,contact_flag,dynamic,1,0.0,0.0,82500
peg_insert,0,contact_force,dynamic,3,0.0,0.0,82500
peg_insert,0,phase,dynamic,1,0.0,0.0,82500
peg_insert,1,peg_mass,static,1,-0.019641,0.009953,82500
peg_insert,1,peg_static_friction,static,1,-0.010546,0.010218,82500
peg_insert,1,peg_dynamic_friction,static,1,-0.010546,0.010218,82500
peg_insert,1,hole_static_friction,static,1,-0.00866,0.011485,82500
peg_insert,1,hole_dynamic_friction,static,1,-0.00866,0.011485,82500
peg_insert,1,ee_velocity,dynamic,3,0.771578,0.010105,82500
peg_insert,1,peg_velocity,dynamic,3,0.68738,0.01121,82500
peg_insert,1,insertion_depth,dynamic,1,0.801104,0.010059,82500
peg_insert,1,peg_hole_lateral_error,dynamic,1,0.442287,0.070267,82500
peg_insert,1,contact_flag,dynamic,1,0.0,0.0,82500
peg_insert,1,contact_force,dynamic,3,0.0,0.0,82500
peg_insert,1,phase,dynamic,1,0.0,0.0,82500
peg_insert,2,peg_mass,static,1,-0.027049,0.01172,82500
peg_insert,2,peg_static_friction,static,1,-0.011083,0.009737,82500
peg_insert,2,peg_dynamic_friction,static,1,-0.011083,0.009737,82500
peg_insert,2,hole_static_friction,static,1,-0.006883,0.013483,82500
peg_insert,2,hole_dynamic_friction,static,1,-0.006883,0.013483,82500
peg_insert,2,ee_velocity,dynamic,3,0.800269,0.009698,82500
peg_insert,2,peg_velocity,dynamic,3,0.714935,0.010517,82500
peg_insert,2,insertion_depth,dynamic,1,0.799058,0.008136,82500
peg_insert,2,peg_hole_lateral_error,dynamic,1,0.445308,0.068265,82500
peg_insert,2,contact_flag,dynamic,1,0.0,0.0,82500
peg_insert,2,contact_force,dynamic,3,0.0,0.0,82500
peg_insert,2,phase,dynamic,1,0.0,0.0,82500
peg_insert,3,peg_mass,static,1,-0.01635,0.007506,82500
peg_insert,3,peg_static_friction,static,1,-0.011666,0.00721,82500
peg_insert,3,peg_dynamic_friction,static,1,-0.011666,0.00721,82500
peg_insert,3,hole_static_friction,static,1,-0.005724,0.013122,82500
peg_insert,3,hole_dynamic_friction,static,1,-0.005724,0.013122,82500
peg_insert,3,ee_velocity,dynamic,3,0.853453,0.005613,82500
peg_insert,3,peg_velocity,dynamic,3,0.760972,0.007194,82500
peg_insert,3,insertion_depth,dynamic,1,0.725075,0.003811,82500
peg_insert,3,peg_hole_lateral_error,dynamic,1,0.383183,0.056676,82500
peg_insert,3,contact_flag,dynamic,1,0.0,0.0,82500
peg_insert,3,contact_force,dynamic,3,0.0,0.0,82500
peg_insert,3,phase,dynamic,1,0.0,0.0,82500
peg_insert,4,peg_mass,static,1,-0.015422,0.01064,82500
peg_insert,4,peg_static_friction,static,1,-0.012954,0.005744,82500
peg_insert,4,peg_dynamic_friction,static,1,-0.012954,0.005744,82500
peg_insert,4,hole_static_friction,static,1,-0.006751,0.014294,82500
peg_insert,4,hole_dynamic_friction,static,1,-0.006751,0.014294,82500
peg_insert,4,ee_velocity,dynamic,3,0.883469,0.006326,82500
peg_insert,4,peg_velocity,dynamic,3,0.789069,0.007871,82500
peg_insert,4,insertion_depth,dynamic,1,0.745709,0.002596,82500
peg_insert,4,peg_hole_lateral_error,dynamic,1,0.42622,0.063575,82500
peg_insert,4,contact_flag,dynamic,1,0.0,0.0,82500
peg_insert,4,contact_force,dynamic,3,0.0,0.0,82500
peg_insert,4,phase,dynamic,1,0.0,0.0,82500
peg_insert,5,peg_mass,static,1,-0.013869,0.010021,82500
peg_insert,5,peg_static_friction,static,1,-0.013688,0.005398,82500
peg_insert,5,peg_dynamic_friction,static,1,-0.013688,0.005398,82500
peg_insert,5,hole_static_friction,static,1,-0.008218,0.01361,82500
peg_insert,5,hole_dynamic_friction,static,1,-0.008218,0.01361,82500
peg_insert,5,ee_velocity,dynamic,3,0.897197,0.005895,82500
peg_insert,5,peg_velocity,dynamic,3,0.803381,0.007333,82500
peg_insert,5,insertion_depth,dynamic,1,0.792455,0.001719,82500
peg_insert,5,peg_hole_lateral_error,dynamic,1,0.419926,0.06901,82500
peg_insert,5,contact_flag,dynamic,1,0.0,0.0,82500
peg_insert,5,contact_force,dynamic,3,0.0,0.0,82500
peg_insert,5,phase,dynamic,1,0.0,0.0,82500
peg_insert,6,peg_mass,static,1,-0.015122,0.009417,82500
peg_insert,6,peg_static_friction,static,1,-0.014579,0.002724,82500
peg_insert,6,peg_dynamic_friction,static,1,-0.014579,0.002724,82500
peg_insert,6,hole_static_friction,static,1,-0.009279,0.009535,82500
peg_insert,6,hole_dynamic_friction,static,1,-0.009279,0.009535,82500
peg_insert,6,ee_velocity,dynamic,3,0.902271,0.005836,82500
peg_insert,6,peg_velocity,dynamic,3,0.808041,0.007248,82500
peg_insert,6,insertion_depth,dynamic,1,0.785938,0.006491,82500
peg_insert,6,peg_hole_lateral_error,dynamic,1,0.425961,0.068334,82500
peg_insert,6,contact_flag,dynamic,1,0.0,0.0,82500
peg_insert,6,contact_force,dynamic,3,0.0,0.0,82500
peg_insert,6,phase,dynamic,1,0.0,0.0,82500
peg_insert,7,peg_mass,static,1,-0.018235,0.009462,82500
peg_insert,7,peg_static_friction,static,1,-0.019628,0.003732,82500
peg_insert,7,peg_dynamic_friction,static,1,-0.019628,0.003732,82500
peg_insert,7,hole_static_friction,static,1,-0.009057,0.008981,82500
peg_insert,7,hole_dynamic_friction,static,1,-0.009057,0.008981,82500
peg_insert,7,ee_velocity,dynamic,3,0.907559,0.005863,82500
peg_insert,7,peg_velocity,dynamic,3,0.81295,0.00729,82500
peg_insert,7,insertion_depth,dynamic,1,0.79737,0.006049,82500
peg_insert,7,peg_hole_lateral_error,dynamic,1,0.44039,0.078002,82500
peg_insert,7,contact_flag,dynamic,1,0.0,0.0,82500
peg_insert,7,contact_force,dynamic,3,0.0,0.0,82500
peg_insert,7,phase,dynamic,1,0.0,0.0,82500
peg_insert,8,peg_mass,static,1,-0.018886,0.007932,82500
peg_insert,8,peg_static_friction,static,1,-0.020749,0.004325,82500
peg_insert,8,peg_dynamic_friction,static,1,-0.020749,0.004325,82500
peg_insert,8,hole_static_friction,static,1,-0.012838,0.01089,82500
peg_insert,8,hole_dynamic_friction,static,1,-0.012838,0.01089,82500
peg_insert,8,ee_velocity,dynamic,3,0.912677,0.005621,82500
peg_insert,8,peg_velocity,dynamic,3,0.817473,0.007019,82500
peg_insert,8,insertion_depth,dynamic,1,0.814814,0.004575,82500
peg_insert,8,peg_hole_lateral_error,dynamic,1,0.45311,0.080308,82500
peg_insert,8,contact_flag,dynamic,1,0.0,0.0,82500
peg_insert,8,contact_force,dynamic,3,0.0,0.0,82500
peg_insert,8,phase,dynamic,1,0.0,0.0,82500
peg_insert,9,peg_mass,static,1,-0.017315,0.008228,82500
peg_insert,9,peg_static_friction,static,1,-0.020904,0.004131,82500
peg_insert,9,peg_dynamic_friction,static,1,-0.020904,0.004131,82500
peg_insert,9,hole_static_friction,static,1,-0.013115,0.010854,82500
peg_insert,9,hole_dynamic_friction,static,1,-0.013115,0.010854,82500
peg_insert,9,ee_velocity,dynamic,3,0.919,0.005181,82500
peg_insert,9,peg_velocity,dynamic,3,0.823799,0.006583,82500
peg_insert,9,insertion_depth,dynamic,1,0.822846,0.004265,82500
peg_insert,9,peg_hole_lateral_error,dynamic,1,0.482139,0.083511,82500
peg_insert,9,contact_flag,dynamic,1,0.0,0.0,82500
peg_insert,9,contact_force,dynamic,3,0.0,0.0,82500
peg_insert,9,phase,dynamic,1,0.0,0.0,82500
peg_insert,10,peg_mass,static,1,-0.0173,0.010145,82500
peg_insert,10,peg_static_friction,static,1,-0.019877,0.006541,82500
peg_insert,10,peg_dynamic_friction,static,1,-0.019877,0.006541,82500
peg_insert,10,hole_static_friction,static,1,-0.014511,0.010532,82500
peg_insert,10,hole_dynamic_friction,static,1,-0.014511,0.010532,82500
peg_insert,10,ee_velocity,dynamic,3,0.922429,0.005485,82500
peg_insert,10,peg_velocity,dynamic,3,0.826038,0.007161,82500
peg_insert,10,insertion_depth,dynamic,1,0.846303,0.004862,82500
peg_insert,10,peg_hole_lateral_error,dynamic,1,0.522364,0.081968,82500
peg_insert,10,contact_flag,dynamic,1,0.0,0.0,82500
peg_insert,10,contact_force,dynamic,3,0.0,0.0,82500
peg_insert,10,phase,dynamic,1,0.0,0.0,82500
peg_insert,11,peg_mass,static,1,-0.016877,0.008413,82500
peg_insert,11,peg_static_friction,static,1,-0.02165,0.005135,82500
peg_insert,11,peg_dynamic_friction,static,1,-0.02165,0.005135,82500
peg_insert,11,hole_static_friction,static,1,-0.014477,0.011098,82500
peg_insert,11,hole_dynamic_friction,static,1,-0.014477,0.011098,82500
peg_insert,11,ee_velocity,dynamic,3,0.923322,0.005592,82500
peg_insert,11,peg_velocity,dynamic,3,0.827312,0.007055,82500
peg_insert,11,insertion_depth,dynamic,1,0.847748,0.005131,82500
peg_insert,11,peg_hole_lateral_error,dynamic,1,0.531513,0.07921,82500
peg_insert,11,contact_flag,dynamic,1,0.0,0.0,82500
peg_insert,11,contact_force,dynamic,3,0.0,0.0,82500
peg_insert,11,phase,dynamic,1,0.0,0.0,82500
peg_insert,12,peg_mass,static,1,-0.015581,0.007951,82500
peg_insert,12,peg_static_friction,static,1,-0.020272,0.004318,82500
peg_insert,12,peg_dynamic_friction,static,1,-0.020272,0.004318,82500
peg_insert,12,hole_static_friction,static,1,-0.016804,0.011994,82500
peg_insert,12,hole_dynamic_friction,static,1,-0.016804,0.011994,82500
peg_insert,12,ee_velocity,dynamic,3,0.925996,0.005827,82500
peg_insert,12,peg_velocity,dynamic,3,0.829601,0.007267,82500
peg_insert,12,insertion_depth,dynamic,1,0.85584,0.004751,82500
peg_insert,12,peg_hole_lateral_error,dynamic,1,0.541664,0.081384,82500
peg_insert,12,contact_flag,dynamic,1,0.0,0.0,82500
peg_insert,12,contact_force,dynamic,3,0.0,0.0,82500
peg_insert,12,phase,dynamic,1,0.0,0.0,82500
peg_insert,13,peg_mass,static,1,-0.01529,0.008809,82500
peg_insert,13,peg_static_friction,static,1,-0.016062,0.007735,82500
peg_insert,13,peg_dynamic_friction,static,1,-0.016062,0.007735,82500
peg_insert,13,hole_static_friction,static,1,-0.016798,0.011976,82500
peg_insert,13,hole_dynamic_friction,static,1,-0.016798,0.011976,82500
peg_insert,13,ee_velocity,dynamic,3,0.926238,0.005832,82500
peg_insert,13,peg_velocity,dynamic,3,0.829693,0.007247,82500
peg_insert,13,insertion_depth,dynamic,1,0.856177,0.004183,82500
peg_insert,13,peg_hole_lateral_error,dynamic,1,0.5435,0.078143,82500
peg_insert,13,contact_flag,dynamic,1,0.0,0.0,82500
peg_insert,13,contact_force,dynamic,3,0.0,0.0,82500
peg_insert,13,phase,dynamic,1,0.0,0.0,82500
peg_insert,14,peg_mass,static,1,-0.014562,0.00681,82500
peg_insert,14,peg_static_friction,static,1,-0.011399,0.004615,82500
peg_insert,14,peg_dynamic_friction,static,1,-0.011399,0.004615,82500
peg_insert,14,hole_static_friction,static,1,-0.017084,0.012431,82500
peg_insert,14,hole_dynamic_friction,static,1,-0.017084,0.012431,82500
peg_insert,14,ee_velocity,dynamic,3,0.927666,0.005537,82500
peg_insert,14,peg_velocity,dynamic,3,0.831548,0.007049,82500
peg_insert,14,insertion_depth,dynamic,1,0.868699,0.003436,82500
peg_insert,14,peg_hole_lateral_error,dynamic,1,0.557718,0.079638,82500
peg_insert,14,contact_flag,dynamic,1,0.0,0.0,82500
peg_insert,14,contact_force,dynamic,3,0.0,0.0,82500
peg_insert,14,phase,dynamic,1,0.0,0.0,82500
peg_insert,15,peg_mass,static,1,-0.014697,0.008825,82500
peg_insert,15,peg_static_friction,static,1,-0.013141,0.004394,82500
peg_insert,15,peg_dynamic_friction,static,1,-0.013141,0.004394,82500
peg_insert,15,hole_static_friction,static,1,-0.019342,0.013226,82500
peg_insert,15,hole_dynamic_friction,static,1,-0.019342,0.013226,82500
peg_insert,15,ee_velocity,dynamic,3,0.930269,0.005579,82500
peg_insert,15,peg_velocity,dynamic,3,0.83389,0.00676,82500
peg_insert,15,insertion_depth,dynamic,1,0.879777,0.002474,82500
peg_insert,15,peg_hole_lateral_error,dynamic,1,0.579653,0.085543,82500
peg_insert,15,contact_flag,dynamic,1,0.0,0.0,82500
peg_insert,15,contact_force,dynamic,3,0.0,0.0,82500
peg_insert,15,phase,dynamic,1,0.0,0.0,82500
peg_insert,16,peg_mass,static,1,-0.013978,0.009496,82500
peg_insert,16,peg_static_friction,static,1,-0.012663,0.002076,82500
peg_insert,16,peg_dynamic_friction,static,1,-0.012663,0.002076,82500
peg_insert,16,hole_static_friction,static,1,-0.019718,0.012021,82500
peg_insert,16,hole_dynamic_friction,static,1,-0.019718,0.012021,82500
peg_insert,16,ee_velocity,dynamic,3,0.931754,0.005685,82500
peg_insert,16,peg_velocity,dynamic,3,0.835806,0.007081,82500
peg_insert,16,insertion_depth,dynamic,1,0.886024,0.000557,82500
peg_insert,16,peg_hole_lateral_error,dynamic,1,0.590329,0.086235,82500
peg_insert,16,contact_flag,dynamic,1,0.0,0.0,82500
peg_insert,16,contact_force,dynamic,3,0.0,0.0,82500
peg_insert,16,phase,dynamic,1,0.0,0.0,82500
peg_insert,17,peg_mass,static,1,-0.01567,0.00933,82500
peg_insert,17,peg_static_friction,static,1,-0.017999,0.005047,82500
peg_insert,17,peg_dynamic_friction,static,1,-0.017999,0.005047,82500
peg_insert,17,hole_static_friction,static,1,-0.023045,0.013288,82500
peg_insert,17,hole_dynamic_friction,static,1,-0.023045,0.013288,82500
peg_insert,17,ee_velocity,dynamic,3,0.933368,0.005809,82500
peg_insert,17,peg_velocity,dynamic,3,0.837328,0.006885,82500
peg_insert,17,insertion_depth,dynamic,1,0.901431,0.00169,82500
peg_insert,17,peg_hole_lateral_error,dynamic,1,0.617395,0.089016,82500
peg_insert,17,contact_flag,dynamic,1,0.0,0.0,82500
peg_insert,17,contact_force,dynamic,3,0.0,0.0,82500
peg_insert,17,phase,dynamic,1,0.0,0.0,82500
peg_insert,18,peg_mass,static,1,-0.017704,0.009413,82500
peg_insert,18,peg_static_friction,static,1,-0.015369,0.006493,82500
peg_insert,18,peg_dynamic_friction,static,1,-0.015369,0.006493,82500
peg_insert,18,hole_static_friction,static,1,-0.024898,0.008945,82500
peg_insert,18,hole_dynamic_friction,static,1,-0.024898,0.008945,82500
peg_insert,18,ee_velocity,dynamic,3,0.935035,0.006007,82500
peg_insert,18,peg_velocity,dynamic,3,0.83889,0.006867,82500
peg_insert,18,insertion_depth,dynamic,1,0.908807,0.00211,82500
peg_insert,18,peg_hole_lateral_error,dynamic,1,0.629223,0.092785,82500
peg_insert,18,contact_flag,dynamic,1,0.0,0.0,82500
peg_insert,18,contact_force,dynamic,3,0.0,0.0,82500
peg_insert,18,phase,dynamic,1,0.0,0.0,82500
peg_insert,19,peg_mass,static,1,-0.016293,0.007798,82500
peg_insert,19,peg_static_friction,static,1,-0.016254,0.006367,82500
peg_insert,19,peg_dynamic_friction,static,1,-0.016254,0.006367,82500
peg_insert,19,hole_static_friction,static,1,-0.024913,0.010902,82500
peg_insert,19,hole_dynamic_friction,static,1,-0.024913,0.010902,82500
peg_insert,19,ee_velocity,dynamic,3,0.934152,0.006034,82500
peg_insert,19,peg_velocity,dynamic,3,0.838435,0.00691,82500
peg_insert,19,insertion_depth,dynamic,1,0.908893,0.001517,82500
peg_insert,19,peg_hole_lateral_error,dynamic,1,0.630647,0.091136,82500
peg_insert,19,contact_flag,dynamic,1,0.0,0.0,82500
peg_insert,19,contact_force,dynamic,3,0.0,0.0,82500
peg_insert,19,phase,dynamic,1,0.0,0.0,82500
peg_insert,20,peg_mass,static,1,-0.016092,0.008385,82500
peg_insert,20,peg_static_friction,static,1,-0.019653,0.004923,82500
peg_insert,20,peg_dynamic_friction,static,1,-0.019653,0.004923,82500
peg_insert,20,hole_static_friction,static,1,-0.026041,0.010606,82500
peg_insert,20,hole_dynamic_friction,static,1,-0.026041,0.010606,82500
peg_insert,20,ee_velocity,dynamic,3,0.936712,0.006351,82500
peg_insert,20,peg_velocity,dynamic,3,0.841173,0.006964,82500
peg_insert,20,insertion_depth,dynamic,1,0.913997,0.002233,82500
peg_insert,20,peg_hole_lateral_error,dynamic,1,0.635558,0.094645,82500
peg_insert,20,contact_flag,dynamic,1,0.0,0.0,82500
peg_insert,20,contact_force,dynamic,3,0.0,0.0,82500
peg_insert,20,phase,dynamic,1,0.0,0.0,82500
peg_insert,21,peg_mass,static,1,-0.01744,0.007453,82500
peg_insert,21,peg_static_friction,static,1,-0.019885,0.006797,82500
peg_insert,21,peg_dynamic_friction,static,1,-0.019885,0.006797,82500
peg_insert,21,hole_static_friction,static,1,-0.029211,0.011619,82500
peg_insert,21,hole_dynamic_friction,static,1,-0.029211,0.011619,82500
peg_insert,21,ee_velocity,dynamic,3,0.939332,0.006733,82500
peg_insert,21,peg_velocity,dynamic,3,0.84375,0.007546,82500
peg_insert,21,insertion_depth,dynamic,1,0.91909,0.002365,82500
peg_insert,21,peg_hole_lateral_error,dynamic,1,0.650914,0.096928,82500
peg_insert,21,contact_flag,dynamic,1,0.0,0.0,82500
peg_insert,21,contact_force,dynamic,3,0.0,0.0,82500
peg_insert,21,phase,dynamic,1,0.0,0.0,82500
peg_insert,22,peg_mass,static,1,-0.014555,0.008483,82500
peg_insert,22,peg_static_friction,static,1,-0.016376,0.008913,82500
peg_insert,22,peg_dynamic_friction,static,1,-0.016376,0.008913,82500
peg_insert,22,hole_static_friction,static,1,-0.02775,0.013108,82500
peg_insert,22,hole_dynamic_friction,static,1,-0.02775,0.013108,82500
peg_insert,22,ee_velocity,dynamic,3,0.938354,0.006851,82500
peg_insert,22,peg_velocity,dynamic,3,0.84313,0.007941,82500
peg_insert,22,insertion_depth,dynamic,1,0.923238,0.00246,82500
peg_insert,22,peg_hole_lateral_error,dynamic,1,0.655903,0.097874,82500
peg_insert,22,contact_flag,dynamic,1,0.0,0.0,82500
peg_insert,22,contact_force,dynamic,3,0.0,0.0,82500
peg_insert,22,phase,dynamic,1,0.0,0.0,82500
peg_insert,23,peg_mass,static,1,-0.01557,0.006227,82500
peg_insert,23,peg_static_friction,static,1,-0.017929,0.008618,82500
peg_insert,23,peg_dynamic_friction,static,1,-0.017929,0.008618,82500
peg_insert,23,hole_static_friction,static,1,-0.024921,0.011479,82500
peg_insert,23,hole_dynamic_friction,static,1,-0.024921,0.011479,82500
peg_insert,23,ee_velocity,dynamic,3,0.93773,0.007069,82500
peg_insert,23,peg_velocity,dynamic,3,0.84203,0.007926,82500
peg_insert,23,insertion_depth,dynamic,1,0.925276,0.00214,82500
peg_insert,23,peg_hole_lateral_error,dynamic,1,0.657348,0.097666,82500
peg_insert,23,contact_flag,dynamic,1,0.0,0.0,82500
peg_insert,23,contact_force,dynamic,3,0.0,0.0,82500
peg_insert,23,phase,dynamic,1,0.0,0.0,82500
peg_insert,24,peg_mass,static,1,-0.017911,0.006039,82500
peg_insert,24,peg_static_friction,static,1,-0.022107,0.005417,82500
peg_insert,24,peg_dynamic_friction,static,1,-0.022107,0.005417,82500
peg_insert,24,hole_static_friction,static,1,-0.02551,0.016027,82500
peg_insert,24,hole_dynamic_friction,static,1,-0.02551,0.016027,82500
peg_insert,24,ee_velocity,dynamic,3,0.939675,0.007058,82500
peg_insert,24,peg_velocity,dynamic,3,0.843968,0.007665,82500
peg_insert,24,insertion_depth,dynamic,1,0.928907,0.002696,82500
peg_insert,24,peg_hole_lateral_error,dynamic,1,0.667747,0.098158,82500
peg_insert,24,contact_flag,dynamic,1,0.0,0.0,82500
peg_insert,24,contact_force,dynamic,3,0.0,0.0,82500
peg_insert,24,phase,dynamic,1,0.0,0.0,82500
peg_insert,25,peg_mass,static,1,-0.019708,0.008441,82500
peg_insert,25,peg_static_friction,static,1,-0.017152,0.004115,82500
peg_insert,25,peg_dynamic_friction,static,1,-0.017152,0.004115,82500
peg_insert,25,hole_static_friction,static,1,-0.024945,0.012101,82500
peg_insert,25,hole_dynamic_friction,static,1,-0.024945,0.012101,82500
peg_insert,25,ee_velocity,dynamic,3,0.941179,0.007378,82500
peg_insert,25,peg_velocity,dynamic,3,0.845296,0.007374,82500
peg_insert,25,insertion_depth,dynamic,1,0.935323,0.002618,82500
peg_insert,25,peg_hole_lateral_error,dynamic,1,0.684049,0.100133,82500
peg_insert,25,contact_flag,dynamic,1,0.0,0.0,82500
peg_insert,25,contact_force,dynamic,3,0.0,0.0,82500
peg_insert,25,phase,dynamic,1,0.0,0.0,82500
peg_insert,26,peg_mass,static,1,-0.014832,0.008942,82500
peg_insert,26,peg_static_friction,static,1,-0.014368,0.004993,82500
peg_insert,26,peg_dynamic_friction,static,1,-0.014368,0.004993,82500
peg_insert,26,hole_static_friction,static,1,-0.019131,0.010797,82500
peg_insert,26,hole_dynamic_friction,static,1,-0.019131,0.010797,82500
peg_insert,26,ee_velocity,dynamic,3,0.939142,0.007327,82500
peg_insert,26,peg_velocity,dynamic,3,0.843337,0.00717,82500
peg_insert,26,insertion_depth,dynamic,1,0.9345,0.00286,82500
peg_insert,26,peg_hole_lateral_error,dynamic,1,0.690286,0.101997,82500
peg_insert,26,contact_flag,dynamic,1,0.0,0.0,82500
peg_insert,26,contact_force,dynamic,3,0.0,0.0,82500
peg_insert,26,phase,dynamic,1,0.0,0.0,82500
peg_insert,27,peg_mass,static,1,-0.013282,0.007173,82500
peg_insert,27,peg_static_friction,static,1,-0.016552,0.001511,82500
peg_insert,27,peg_dynamic_friction,static,1,-0.016552,0.001511,82500
peg_insert,27,hole_static_friction,static,1,-0.015437,0.010496,82500
peg_insert,27,hole_dynamic_friction,static,1,-0.015437,0.010496,82500
peg_insert,27,ee_velocity,dynamic,3,0.944226,0.007359,82500
peg_insert,27,peg_velocity,dynamic,3,0.847109,0.007131,82500
peg_insert,27,insertion_depth,dynamic,1,0.938132,0.002825,82500
peg_insert,27,peg_hole_lateral_error,dynamic,1,0.700145,0.104009,82500
peg_insert,27,contact_flag,dynamic,1,0.0,0.0,82500
peg_insert,27,contact_force,dynamic,3,0.0,0.0,82500
peg_insert,27,phase,dynamic,1,0.0,0.0,82500
peg_insert,28,peg_mass,static,1,-0.015548,0.006684,82500
peg_insert,28,peg_static_friction,static,1,-0.017152,0.003659,82500
peg_insert,28,peg_dynamic_friction,static,1,-0.017152,0.003659,82500
peg_insert,28,hole_static_friction,static,1,-0.017577,0.008018,82500
peg_insert,28,hole_dynamic_friction,static,1,-0.017577,0.008018,82500
peg_insert,28,ee_velocity,dynamic,3,0.943659,0.007504,82500
peg_insert,28,peg_velocity,dynamic,3,0.846928,0.007424,82500
peg_insert,28,insertion_depth,dynamic,1,0.946627,0.002368,82500
peg_insert,28,peg_hole_lateral_error,dynamic,1,0.714728,0.102143,82500
peg_insert,28,contact_flag,dynamic,1,0.0,0.0,82500
peg_insert,28,contact_force,dynamic,3,0.0,0.0,82500
peg_insert,28,phase,dynamic,1,0.0,0.0,82500
peg_insert,29,peg_mass,static,1,-0.015912,0.007242,82500
peg_insert,29,peg_static_friction,static,1,-0.01805,0.003305,82500
peg_insert,29,peg_dynamic_friction,static,1,-0.01805,0.003305,82500
peg_insert,29,hole_static_friction,static,1,-0.013825,0.009067,82500
peg_insert,29,hole_dynamic_friction,static,1,-0.013825,0.009067,82500
peg_insert,29,ee_velocity,dynamic,3,0.94526,0.007462,82500
peg_insert,29,peg_velocity,dynamic,3,0.848875,0.007436,82500
peg_insert,29,insertion_depth,dynamic,1,0.949325,0.002599,82500
peg_insert,29,peg_hole_lateral_error,dynamic,1,0.723352,0.104452,82500
peg_insert,29,contact_flag,dynamic,1,0.0,0.0,82500
peg_insert,29,contact_force,dynamic,3,0.0,0.0,82500
peg_insert,29,phase,dynamic,1,0.0,0.0,82500
peg_insert,30,peg_mass,static,1,-0.016111,0.006555,82500
peg_insert,30,peg_static_friction,static,1,-0.014347,0.001727,82500
peg_insert,30,peg_dynamic_friction,static,1,-0.014347,0.001727,82500
peg_insert,30,hole_static_friction,static,1,-0.016892,0.009876,82500
peg_insert,30,hole_dynamic_friction,static,1,-0.016892,0.009876,82500
peg_insert,30,ee_velocity,dynamic,3,0.950025,0.006912,82500
peg_insert,30,peg_velocity,dynamic,3,0.853638,0.007034,82500
peg_insert,30,insertion_depth,dynamic,1,0.950616,0.002395,82500
peg_insert,30,peg_hole_lateral_error,dynamic,1,0.73618,0.105666,82500
peg_insert,30,contact_flag,dynamic,1,0.0,0.0,82500
peg_insert,30,contact_force,dynamic,3,0.0,0.0,82500
peg_insert,30,phase,dynamic,1,0.0,0.0,82500
peg_insert,31,peg_mass,static,1,-0.017001,0.005694,82500
peg_insert,31,peg_static_friction,static,1,-0.014171,0.003916,82500
peg_insert,31,peg_dynamic_friction,static,1,-0.014171,0.003916,82500
peg_insert,31,hole_static_friction,static,1,-0.016997,0.011837,82500
peg_insert,31,hole_dynamic_friction,static,1,-0.016997,0.011837,82500
peg_insert,31,ee_velocity,dynamic,3,0.949067,0.007134,82500
peg_insert,31,peg_velocity,dynamic,3,0.8532,0.007688,82500
peg_insert,31,insertion_depth,dynamic,1,0.953945,0.002116,82500
peg_insert,31,peg_hole_lateral_error,dynamic,1,0.736847,0.107055,82500
peg_insert,31,contact_flag,dynamic,1,0.0,0.0,82500
peg_insert,31,contact_force,dynamic,3,0.0,0.0,82500
peg_insert,31,phase,dynamic,1,0.0,0.0,82500
peg_insert,32,peg_mass,static,1,-0.015639,0.005553,82500
peg_insert,32,peg_static_friction,static,1,-0.013375,0.005378,82500
peg_insert,32,peg_dynamic_friction,static,1,-0.013375,0.005378,82500
peg_insert,32,hole_static_friction,static,1,-0.018273,0.012749,82500
peg_insert,32,hole_dynamic_friction,static,1,-0.018273,0.012749,82500
peg_insert,32,ee_velocity,dynamic,3,0.951287,0.007018,82500
peg_insert,32,peg_velocity,dynamic,3,0.855421,0.007263,82500
peg_insert,32,insertion_depth,dynamic,1,0.958785,0.002102,82500
peg_insert,32,peg_hole_lateral_error,dynamic,1,0.746902,0.106443,82500
peg_insert,32,contact_flag,dynamic,1,0.0,0.0,82500
peg_insert,32,contact_force,dynamic,3,0.0,0.0,82500
peg_insert,32,phase,dynamic,1,0.0,0.0,82500
peg_insert,33,peg_mass,static,1,-0.016348,0.006605,82500
peg_insert,33,peg_static_friction,static,1,-0.011785,0.005472,82500
peg_insert,33,peg_dynamic_friction,static,1,-0.011785,0.005472,82500
peg_insert,33,hole_static_friction,static,1,-0.021286,0.009825,82500
peg_insert,33,hole_dynamic_friction,static,1,-0.021286,0.009825,82500
peg_insert,33,ee_velocity,dynamic,3,0.951274,0.00671,82500
peg_insert,33,peg_velocity,dynamic,3,0.854616,0.00715,82500
peg_insert,33,insertion_depth,dynamic,1,0.96236,0.001727,82500
peg_insert,33,peg_hole_lateral_error,dynamic,1,0.751208,0.105912,82500
peg_insert,33,contact_flag,dynamic,1,0.0,0.0,82500
peg_insert,33,contact_force,dynamic,3,0.0,0.0,82500
peg_insert,33,phase,dynamic,1,0.0,0.0,82500
peg_insert,34,peg_mass,static,1,-0.014751,0.006038,82500
peg_insert,34,peg_static_friction,static,1,-0.012936,0.007099,82500
peg_insert,34,peg_dynamic_friction,static,1,-0.012936,0.007099,82500
peg_insert,34,hole_static_friction,static,1,-0.017761,0.013748,82500
peg_insert,34,hole_dynamic_friction,static,1,-0.017761,0.013748,82500
peg_insert,34,ee_velocity,dynamic,3,0.949404,0.00717,82500
peg_insert,34,peg_velocity,dynamic,3,0.853916,0.007367,82500
peg_insert,34,insertion_depth,dynamic,1,0.963263,0.002082,82500
peg_insert,34,peg_hole_lateral_error,dynamic,1,0.750279,0.102369,82500
peg_insert,34,contact_flag,dynamic,1,0.0,0.0,82500
peg_insert,34,contact_force,dynamic,3,0.0,0.0,82500
peg_insert,34,phase,dynamic,1,0.0,0.0,82500
peg_insert,35,peg_mass,static,1,-0.015928,0.004684,82500
peg_insert,35,peg_static_friction,static,1,-0.012489,0.007974,82500
peg_insert,35,peg_dynamic_friction,static,1,-0.012489,0.007974,82500
peg_insert,35,hole_static_friction,static,1,-0.020318,0.013836,82500
peg_insert,35,hole_dynamic_friction,static,1,-0.020318,0.013836,82500
peg_insert,35,ee_velocity,dynamic,3,0.949477,0.007052,82500
peg_insert,35,peg_velocity,dynamic,3,0.854343,0.007627,82500
peg_insert,35,insertion_depth,dynamic,1,0.963313,0.002145,82500
peg_insert,35,peg_hole_lateral_error,dynamic,1,0.748638,0.103681,82500
peg_insert,35,contact_flag,dynamic,1,0.0,0.0,82500
peg_insert,35,contact_force,dynamic,3,0.0,0.0,82500
peg_insert,35,phase,dynamic,1,0.0,0.0,82500
peg_insert,36,peg_mass,static,1,-0.014511,0.005747,82500
peg_insert,36,peg_static_friction,static,1,-0.012037,0.00764,82500
peg_insert,36,peg_dynamic_friction,static,1,-0.012037,0.00764,82500
peg_insert,36,hole_static_friction,static,1,-0.020568,0.012783,82500
peg_insert,36,hole_dynamic_friction,static,1,-0.020568,0.012783,82500
peg_insert,36,ee_velocity,dynamic,3,0.949335,0.00698,82500
peg_insert,36,peg_velocity,dynamic,3,0.854304,0.007362,82500
peg_insert,36,insertion_depth,dynamic,1,0.9625,0.002277,82500
peg_insert,36,peg_hole_lateral_error,dynamic,1,0.74796,0.103912,82500
peg_insert,36,contact_flag,dynamic,1,0.0,0.0,82500
peg_insert,36,contact_force,dynamic,3,0.0,0.0,82500
peg_insert,36,phase,dynamic,1,0.0,0.0,82500
peg_insert,37,peg_mass,static,1,-0.012358,0.004952,82500
peg_insert,37,peg_static_friction,static,1,-0.011741,0.00827,82500
peg_insert,37,peg_dynamic_friction,static,1,-0.011741,0.00827,82500
peg_insert,37,hole_static_friction,static,1,-0.016671,0.012611,82500
peg_insert,37,hole_dynamic_friction,static,1,-0.016671,0.012611,82500
peg_insert,37,ee_velocity,dynamic,3,0.948371,0.006664,82500
peg_insert,37,peg_velocity,dynamic,3,0.853633,0.007017,82500
peg_insert,37,insertion_depth,dynamic,1,0.963091,0.002495,82500
peg_insert,37,peg_hole_lateral_error,dynamic,1,0.744988,0.105951,82500
peg_insert,37,contact_flag,dynamic,1,0.0,0.0,82500
peg_insert,37,contact_force,dynamic,3,0.0,0.0,82500
peg_insert,37,phase,dynamic,1,0.0,0.0,82500
peg_insert,38,peg_mass,static,1,-0.013675,0.007961,82500
peg_insert,38,peg_static_friction,static,1,-0.011986,0.008688,82500
peg_insert,38,peg_dynamic_friction,static,1,-0.011986,0.008688,82500
peg_insert,38,hole_static_friction,static,1,-0.017525,0.01306,82500
peg_insert,38,hole_dynamic_friction,static,1,-0.017525,0.01306,82500
peg_insert,38,ee_velocity,dynamic,3,0.946921,0.007001,82500
peg_insert,38,peg_velocity,dynamic,3,0.851977,0.007432,82500
peg_insert,38,insertion_depth,dynamic,1,0.963126,0.002294,82500
peg_insert,38,peg_hole_lateral_error,dynamic,1,0.745144,0.10556,82500
peg_insert,38,contact_flag,dynamic,1,0.0,0.0,82500
peg_insert,38,contact_force,dynamic,3,0.0,0.0,82500
peg_insert,38,phase,dynamic,1,0.0,0.0,82500
peg_insert,39,peg_mass,static,1,-0.013319,0.009016,82500
peg_insert,39,peg_static_friction,static,1,-0.012807,0.007013,82500
peg_insert,39,peg_dynamic_friction,static,1,-0.012807,0.007013,82500
peg_insert,39,hole_static_friction,static,1,-0.016775,0.011303,82500
peg_insert,39,hole_dynamic_friction,static,1,-0.016775,0.011303,82500
peg_insert,39,ee_velocity,dynamic,3,0.94445,0.007159,82500
peg_insert,39,peg_velocity,dynamic,3,0.849064,0.007536,82500
peg_insert,39,insertion_depth,dynamic,1,0.96267,0.002356,82500
peg_insert,39,peg_hole_lateral_error,dynamic,1,0.743607,0.102871,82500
peg_insert,39,contact_flag,dynamic,1,0.0,0.0,82500
peg_insert,39,contact_force,dynamic,3,0.0,0.0,82500
peg_insert,39,phase,dynamic,1,0.0,0.0,82500
reach,0,ee_velocity,dynamic,3,0.19738,0.031298,35400
reach,0,ee_acceleration,dynamic,3,0.052597,0.008719,35400
reach,0,ee_to_target_distance,dynamic,1,0.68428,0.019749,35400
reach,0,phase,dynamic,1,0.281406,0.042537,35400
reach,1,ee_velocity,dynamic,3,0.234753,0.031108,35400
reach,1,ee_acceleration,dynamic,3,0.065539,0.009447,35400
reach,1,ee_to_target_distance,dynamic,1,0.687581,0.027239,35400
reach,1,phase,dynamic,1,0.285231,0.036656,35400
reach,2,ee_velocity,dynamic,3,0.29255,0.027708,35400
reach,2,ee_acceleration,dynamic,3,0.067093,0.008267,35400
reach,2,ee_to_target_distance,dynamic,1,0.695424,0.021639,35400
reach,2,phase,dynamic,1,0.277302,0.024901,35400
reach,3,ee_velocity,dynamic,3,0.36954,0.017095,35400
reach,3,ee_acceleration,dynamic,3,0.101372,0.005312,35400
reach,3,ee_to_target_distance,dynamic,1,0.728943,0.014097,35400
reach,3,phase,dynamic,1,0.387477,0.070506,35400
reach,4,ee_velocity,dynamic,3,0.442278,0.021905,35400
reach,4,ee_acceleration,dynamic,3,0.141069,0.010035,35400
reach,4,ee_to_target_distance,dynamic,1,0.765703,0.011716,35400
reach,4,phase,dynamic,1,0.413658,0.066758,35400
reach,5,ee_velocity,dynamic,3,0.428552,0.014997,35400
reach,5,ee_acceleration,dynamic,3,0.166222,0.008094,35400
reach,5,ee_to_target_distance,dynamic,1,0.788681,0.012717,35400
reach,5,phase,dynamic,1,0.435253,0.06489,35400
reach,6,ee_velocity,dynamic,3,0.427787,0.014582,35400
reach,6,ee_acceleration,dynamic,3,0.163329,0.00523,35400
reach,6,ee_to_target_distance,dynamic,1,0.778969,0.015403,35400
reach,6,phase,dynamic,1,0.434205,0.057032,35400
reach,7,ee_velocity,dynamic,3,0.457736,0.016303,35400
reach,7,ee_acceleration,dynamic,3,0.17783,0.004933,35400
reach,7,ee_to_target_distance,dynamic,1,0.790888,0.012896,35400
reach,7,phase,dynamic,1,0.439096,0.052557,35400
reach,8,ee_velocity,dynamic,3,0.485002,0.015044,35400
reach,8,ee_acceleration,dynamic,3,0.190753,0.005888,35400
reach,8,ee_to_target_distance,dynamic,1,0.810447,0.015967,35400
reach,8,phase,dynamic,1,0.455032,0.061594,35400
reach,9,ee_velocity,dynamic,3,0.520947,0.013629,35400
reach,9,ee_acceleration,dynamic,3,0.250469,0.006203,35400
reach,9,ee_to_target_distance,dynamic,1,0.83359,0.016151,35400
reach,9,phase,dynamic,1,0.488353,0.070682,35400
reach,10,ee_velocity,dynamic,3,0.51027,0.01757,35400
reach,10,ee_acceleration,dynamic,3,0.251649,0.007592,35400
reach,10,ee_to_target_distance,dynamic,1,0.828541,0.017877,35400
reach,10,phase,dynamic,1,0.483746,0.069296,35400
reach,11,ee_velocity,dynamic,3,0.52226,0.016991,35400
reach,11,ee_acceleration,dynamic,3,0.269601,0.007099,35400
reach,11,ee_to_target_distance,dynamic,1,0.833158,0.016937,35400
reach,11,phase,dynamic,1,0.479218,0.072799,35400
reach,12,ee_velocity,dynamic,3,0.55776,0.015698,35400
reach,12,ee_acceleration,dynamic,3,0.300375,0.007821,35400
reach,12,ee_to_target_distance,dynamic,1,0.844171,0.018093,35400
reach,12,phase,dynamic,1,0.505335,0.078997,35400
reach,13,ee_velocity,dynamic,3,0.579068,0.011721,35400
reach,13,ee_acceleration,dynamic,3,0.295625,0.005759,35400
reach,13,ee_to_target_distance,dynamic,1,0.843496,0.013329,35400
reach,13,phase,dynamic,1,0.511376,0.071902,35400
reach,14,ee_velocity,dynamic,3,0.586346,0.016136,35400
reach,14,ee_acceleration,dynamic,3,0.284312,0.006099,35400
reach,14,ee_to_target_distance,dynamic,1,0.84296,0.014808,35400
reach,14,phase,dynamic,1,0.521017,0.056256,35400
reach,15,ee_velocity,dynamic,3,0.596069,0.015191,35400
reach,15,ee_acceleration,dynamic,3,0.313785,0.006292,35400
reach,15,ee_to_target_distance,dynamic,1,0.844778,0.015333,35400
reach,15,phase,dynamic,1,0.537028,0.053168,35400
reach,16,ee_velocity,dynamic,3,0.603253,0.015969,35400
reach,16,ee_acceleration,dynamic,3,0.317644,0.00724,35400
reach,16,ee_to_target_distance,dynamic,1,0.850368,0.014688,35400
reach,16,phase,dynamic,1,0.555192,0.048251,35400
reach,17,ee_velocity,dynamic,3,0.622794,0.013928,35400
reach,17,ee_acceleration,dynamic,3,0.341376,0.007569,35400
reach,17,ee_to_target_distance,dynamic,1,0.859186,0.0113,35400
reach,17,phase,dynamic,1,0.583652,0.02684,35400
reach,18,ee_velocity,dynamic,3,0.614146,0.014659,35400
reach,18,ee_acceleration,dynamic,3,0.363865,0.011866,35400
reach,18,ee_to_target_distance,dynamic,1,0.864226,0.011692,35400
reach,18,phase,dynamic,1,0.577797,0.032437,35400
reach,19,ee_velocity,dynamic,3,0.635214,0.018372,35400
reach,19,ee_acceleration,dynamic,3,0.37465,0.010242,35400
reach,19,ee_to_target_distance,dynamic,1,0.863014,0.011012,35400
reach,19,phase,dynamic,1,0.589273,0.023132,35400
reach,20,ee_velocity,dynamic,3,0.657277,0.018788,35400
reach,20,ee_acceleration,dynamic,3,0.40661,0.012147,35400
reach,20,ee_to_target_distance,dynamic,1,0.882845,0.010963,35400
reach,20,phase,dynamic,1,0.618725,0.021548,35400
reach,21,ee_velocity,dynamic,3,0.687835,0.017817,35400
reach,21,ee_acceleration,dynamic,3,0.430297,0.009144,35400
reach,21,ee_to_target_distance,dynamic,1,0.894579,0.011136,35400
reach,21,phase,dynamic,1,0.632554,0.025367,35400
reach,22,ee_velocity,dynamic,3,0.696256,0.018189,35400
reach,22,ee_acceleration,dynamic,3,0.437199,0.01194,35400
reach,22,ee_to_target_distance,dynamic,1,0.894899,0.010807,35400
reach,22,phase,dynamic,1,0.638986,0.024231,35400
reach,23,ee_velocity,dynamic,3,0.694997,0.015456,35400
reach,23,ee_acceleration,dynamic,3,0.42066,0.009641,35400
reach,23,ee_to_target_distance,dynamic,1,0.895385,0.014463,35400
reach,23,phase,dynamic,1,0.629766,0.021468,35400
reach,24,ee_velocity,dynamic,3,0.717536,0.016207,35400
reach,24,ee_acceleration,dynamic,3,0.463085,0.011876,35400
reach,24,ee_to_target_distance,dynamic,1,0.908088,0.013958,35400
reach,24,phase,dynamic,1,0.637527,0.021591,35400
reach,25,ee_velocity,dynamic,3,0.711915,0.011164,35400
reach,25,ee_acceleration,dynamic,3,0.441647,0.014613,35400
reach,25,ee_to_target_distance,dynamic,1,0.912406,0.014768,35400
reach,25,phase,dynamic,1,0.649854,0.026721,35400
reach,26,ee_velocity,dynamic,3,0.715502,0.01064,35400
reach,26,ee_acceleration,dynamic,3,0.422626,0.011747,35400
reach,26,ee_to_target_distance,dynamic,1,0.913713,0.014128,35400
reach,26,phase,dynamic,1,0.640995,0.022447,35400
reach,27,ee_velocity,dynamic,3,0.716859,0.01505,35400
reach,27,ee_acceleration,dynamic,3,0.453978,0.01206,35400
reach,27,ee_to_target_distance,dynamic,1,0.914078,0.015632,35400
reach,27,phase,dynamic,1,0.650351,0.024991,35400
reach,28,ee_velocity,dynamic,3,0.726783,0.014955,35400
reach,28,ee_acceleration,dynamic,3,0.444696,0.008099,35400
reach,28,ee_to_target_distance,dynamic,1,0.919697,0.014318,35400
reach,28,phase,dynamic,1,0.655199,0.027232,35400
reach,29,ee_velocity,dynamic,3,0.730964,0.011486,35400
reach,29,ee_acceleration,dynamic,3,0.456132,0.007389,35400
reach,29,ee_to_target_distance,dynamic,1,0.921955,0.01424,35400
reach,29,phase,dynamic,1,0.667588,0.020935,35400
reach,30,ee_velocity,dynamic,3,0.76273,0.010729,35400
reach,30,ee_acceleration,dynamic,3,0.579028,0.009416,35400
reach,30,ee_to_target_distance,dynamic,1,0.923237,0.014179,35400
reach,30,phase,dynamic,1,0.673984,0.017265,35400
reach,31,ee_velocity,dynamic,3,0.762525,0.01292,35400
reach,31,ee_acceleration,dynamic,3,0.589258,0.009438,35400
reach,31,ee_to_target_distance,dynamic,1,0.922491,0.014352,35400
reach,31,phase,dynamic,1,0.673507,0.018653,35400
reach,32,ee_velocity,dynamic,3,0.763502,0.012437,35400
reach,32,ee_acceleration,dynamic,3,0.581007,0.00706,35400
reach,32,ee_to_target_distance,dynamic,1,0.926471,0.012746,35400
reach,32,phase,dynamic,1,0.677895,0.016934,35400
reach,33,ee_velocity,dynamic,3,0.778555,0.011009,35400
reach,33,ee_acceleration,dynamic,3,0.578975,0.007639,35400
reach,33,ee_to_target_distance,dynamic,1,0.925724,0.012978,35400
reach,33,phase,dynamic,1,0.688874,0.031951,35400
reach,34,ee_velocity,dynamic,3,0.781264,0.011663,35400
reach,34,ee_acceleration,dynamic,3,0.584268,0.009702,35400
reach,34,ee_to_target_distance,dynamic,1,0.927558,0.014305,35400
reach,34,phase,dynamic,1,0.690038,0.025401,35400
reach,35,ee_velocity,dynamic,3,0.781503,0.011168,35400
reach,35,ee_acceleration,dynamic,3,0.595572,0.010238,35400
reach,35,ee_to_target_distance,dynamic,1,0.929425,0.012751,35400
reach,35,phase,dynamic,1,0.695248,0.024107,35400
reach,36,ee_velocity,dynamic,3,0.794298,0.009145,35400
reach,36,ee_acceleration,dynamic,3,0.607677,0.008962,35400
reach,36,ee_to_target_distance,dynamic,1,0.929275,0.012271,35400
reach,36,phase,dynamic,1,0.694109,0.028915,35400
reach,37,ee_velocity,dynamic,3,0.79174,0.010968,35400
reach,37,ee_acceleration,dynamic,3,0.599206,0.010771,35400
reach,37,ee_to_target_distance,dynamic,1,0.928716,0.013016,35400
reach,37,phase,dynamic,1,0.701592,0.026676,35400
reach,38,ee_velocity,dynamic,3,0.785685,0.009038,35400
reach,38,ee_acceleration,dynamic,3,0.587016,0.012389,35400
reach,38,ee_to_target_distance,dynamic,1,0.92849,0.012474,35400
reach,38,phase,dynamic,1,0.699866,0.029597,35400
reach,39,ee_velocity,dynamic,3,0.785393,0.009413,35400
reach,39,ee_acceleration,dynamic,3,0.580697,0.013611,35400
reach,39,ee_to_target_distance,dynamic,1,0.927318,0.013455,35400
reach,39,phase,dynamic,1,0.697723,0.029494,35400
